ASIN,Product Name,Category,Keyword,Number of Reviews,Average Review Score,Manufacturer,Price,Unit Count
B0B1D812JK,"Women's Razors Bikini Trimmer Durable Travel Accessories Women Razors Shavers Pubics Hair Removal Beauty Razors T Type Razors For Body Cosmetic Tool (Pink, One Size)",razors,women,,,,0.1,
B0B48LHKFQ,"Women's Razors Bikini Trimmer,Durable Travel Accessories Women Razors Shavers Pubics Hair Removal Beauty Razors T Type Razors For Body Cosmetic Tool (Hot Pink, One Size)",razors,women,,,,0.98,
B0CT8KW5W2,3Pcs Women Hair Removal Tool Single Blade Razors Leg Face Underarm Shaver Sharp Gentle Stainless Steel Hair Shaver 3pcs,razors,women,,,,0.99,
B097NMT3ZS,Womens Simply Venus Disposable Razors 9 Count,razors,women,14.0,4.1,,,
B0CKL8T5QB,"Bikini Razors Women Small Bikini Trimmer Durable Travel Accessories Women Razors Shavers Pubics Hair Removal Beauty Razors T Type Razors for Body Cosmetic Tool Wax Roller (Light Blue, One Size)",razors,women,,,,1.46,
B0CRYF8SYP,"Women's Razors Bikini Trimmer Durable Travel Accessories Women Razors Shavers Pubics Hair Removal Beauty Razors T Type Razors For Body Cosmetic Tool Wax Roll on Nose Hair Removal (Green, One Size)",razors,women,,,,2.39,
B07NR43R9B,"About Face Fuzz-Free Facial Razors for Shaving & Exfoliating - Includes 3 Beauty Groomers - For Face, Lips & Eyebrows",razors,women,29038.0,4.5,,2.94,
B000P158OW,"BIC Silky Touch Women's Disposable Razors, With 2 Blades, Pretty Pastel Razor Handles, 10 Count (Pack of 1)",razors,women,5524.0,4.5,,2.97,
B00DL4GMFY,BIC Simply Soleil Woman's Razor - 1 Package,razors,women,96.0,4.3,,,
B07Q1HVP6C,"Kai About Face Body Twin Blade Pivoting Disposable Razors; 12 Shavers for Women; Curve-Hugging Pivoting Head with Aloe & Vitamin E Strip, Shaving Razors for Women",razors,women,990.0,3.3,,3.0,
B0C3DKYDM8,"Disposable Woman Razors With Twin Blades Its Lubricating Stip With Vitamin E and Aloe Vera Provides Easy Gliding on The Skin Surface, and Minimizes The Irritations (5 Pack)",razors,women,,,,,
B00OI9DI76,"Personna Gentle Touch Razors for Women, with Lubricating Strip,5 Pack",razors,women,5.0,4.2,,3.19,
B000R2WYYQ,"BIC Single Blade Razor, Sensitive, 12 ct",razors,women,1723.0,4.5,,3.42,
B0C3DHPV6F,"Disposable Woman Razors Triple Blade The Luricating Strip Soaked in Aloe Vera and Vitamin E Promotes Easier Glide For the blades, Beside Its Moisturizing And Calming Effect (3 Pack)",razors,women,,,,,
B000YAJMRI,"Preserve Razor Blade Triple, 2 ct",razors,women,57.0,3.5,,11.92,
B07DQS7J85,Womens 5 Blade Disposable Razor - 2ct - Up&up153 (Compare to Venus Embrace),razors,women,15.0,4.6,,,
B0CM659RGN,"2 Pcs Face Body Spa Shave Razors for Women Hair Removal, Pack Portable Travel Razors for Women, Bikini Trimmer, Lady Manual Shaving Armpit Hair Knife Non-Slip Set for Travel Carry",razors,women,,,,3.95,
B0C42HK36M,Trim Touch Up Razors,razors,women,1.0,1.0,,3.99,
B0CQ4ZGNQK,"Razor for Women, Shaving Razors Body Shaver",razors,women,,,,3.99,
B095BVJ2SB,New Skintimate Spark Razors,razors,women,85.0,4.5,,4.33,
B09NCC4WT5,"BIC Soleil Escape Women's Disposable Razors, 3 Blade Razor, Moisture Strip With 100% Natural Almond Oil, Lavender and Eucalyptus Scented Handles, 4 Pack Disposable Razors For Women Green",razors,women,768.0,4.6,,4.39,
B09M9WPWT9,"Women's Sensitive Shaver, T-Type Beauty Razor, Portable Small Armpit Hair Trimmer, Non-Slip Hair Removal Accessories for Women ， Safety Razor Rose Gold with Safety Razor Stand",razors,women,,,,4.39,
B07HNM12YD,5 Pack of Blue Razor Blades Disposable Stainless Steel Hospitality Quality Shavers High End Twin Blade Razors for Men and Women with Aloe Vera Lubrication Strip,razors,women,18.0,4.0,,4.75,
B0CJ6KMG16,"Facial Razors for Shaving & Exfoliating (3 count) Beauty Groomers - For Face, Lips & Eyebrows",razors,women,1.0,5.0,,4.85,
B0CCRCPC9P,"Women's Razors Bikini Trimmer Durable Travel Accessories Women Razors Shavers Pubics Hair Removal Beauty Razors T Type Razors For Body Cosmetic Tool Beauty Must Haves (Green, One Size)",razors,women,,,,4.89,
B0CPB64NXF,"Facial Fuzz-Free Razor, Eyebrow Trimmer Professional Exfoliating Dermaplaning Tool, Peach Fuzz Shaver and Multipurpose Home Skin Care for Women (Pack of 4, Gray)",razors,women,,,,4.9,
B07N7N65LR,"6 Pack Nylea Eyebrow Razor Trimmer [Extra Precision] Disposable Facial Hair Shaper Remover, Dermaplaning Dermaplane Shaving Tool - Facial Shave Shaver with Precision Cover for Men & Women",razors,women,16517.0,4.3,,4.99,
B07Z5HQGX1,"Touch-Up Eyebrow Razor Dermaplaning Tool, and Facial Razor with Precision Guide cover, 3 pack skin care kit wax-less",razors,women,291.0,4.2,,4.99,
B0CQMBVRNF,"Micro Grooved Derma Blades Facial Razor, Wheat Straw Facial Razor for Women and Men, Eyebrow Razor, Bikini Razor, Hair Trimmer, Facial Hair Remover",razors,women,,,,4.99,
B0CRPTPHBQ,"Facial Razor (3 Count) Dermaplaning Tool with Protective Cover, Hair Removal Kit for Face, Lips & Eyebrow, Brow Shaper, Eyebrow Razor, Precision Face Shaving Exfoliation Grooming Beauty Essential",razors,women,,,,4.99,
B0CCRHGVL1,"Women's Razors Bikini Trimmer Durable Travel Accessories Women Razors Shavers Pubics Hair Removal Beauty Razors T Type Razors For Body Cosmetic Tool Beauty Must Haves (Yellow, One Size)",razors,women,,,,4.99,
B0CCRG57SR,"Women's Razors Bikini Trimmer Durable Travel Accessories Women Razors Shavers Pubics Hair Removal Beauty Razors T Type Razors For Body Cosmetic Tool Beauty Must Haves (Light Blue, One Size)",razors,women,,,,4.99,
B0CCRD9GMQ,"Women's Razors Bikini Trimmer Durable Travel Accessories Women Razors Shavers Pubics Hair Removal Beauty Razors T Type Razors For Body Cosmetic Tool Beauty Must Haves (Hot Pink, One Size)",razors,women,,,,4.99,
B0CCRBQLBG,"Women's Razors Bikini Trimmer Durable Travel Accessories Women Razors Shavers Pubics Hair Removal Beauty Razors T Type Razors For Body Cosmetic Tool Beauty Must Haves (Pink, One Size)",razors,women,,,,4.99,
B0CMRWPYSQ,The Crème Shop Portable Precision Razors + Travel Case | Dermaplaning Tool for Face | Face Razors for Women | Stocking Stuffers for Women (Pack of 2),razors,women,1.0,5.0,,5.0,
B09Z4KF969,"Womens Razors, Reusable Womens Shaving Razors Elastic Sensing with 3 Blades for Women for Private Parts",razors,women,,,,5.15,
B001RYWCWM,Wilkinson Sword Xtreme 3 Beauty Disposable Razor For Women 4 + 2 Free,razors,women,1452.0,4.4,,,
B000M47DPO,"BIC Twin Lady, Pack 5, Twin Blade Razor",razors,women,1846.0,4.4,,5.23,
B0C5D6BK77,"Womens Razors, Lubrication Strip Elastic Sensing Blade Not Scratch Skin Red Womens Shaving Razors for Armpit",razors,women,,,,5.24,
B0CCCVYZPL,"Women's Razors Bikini Trimmer Durable Travel Accessories Women Razors Shavers Pubics Hair Removal Beauty Razors T Type Razors For Body Cosmetic Tool Facial Waxing Warmer (Green, One Size)",razors,women,,,,5.29,
B07HZHPRRR,"Skintimate Warm Vanilla Sugar Disposable Razor for Women, Gently Exfoliates, Four Blades are Designed to Prevent Nicks and Cuts, 3 Count (Pack of 1)",razors,women,367.0,4.2,,,
B0CCCV4KLK,"Women's Razors Bikini Trimmer Durable Travel Accessories Women Razors Shavers Pubics Hair Removal Beauty Razors T Type Razors For Body Cosmetic Tool Facial Waxing Warmer (Light Blue, One Size)",razors,women,,,,5.39,
B0CCCSQN86,"Women's Razors Bikini Trimmer Durable Travel Accessories Women Razors Shavers Pubics Hair Removal Beauty Razors T Type Razors For Body Cosmetic Tool Facial Waxing Warmer (Pink, One Size)",razors,women,,,,5.39,
B0CCCSBXQW,"Women's Razors Bikini Trimmer Durable Travel Accessories Women Razors Shavers Pubics Hair Removal Beauty Razors T Type Razors For Body Cosmetic Tool Facial Waxing Warmer (Yellow, One Size)",razors,women,,,,5.39,
B0CCCRRNJZ,"Women's Razors Bikini Trimmer Durable Travel Accessories Women Razors Shavers Pubics Hair Removal Beauty Razors T Type Razors For Body Cosmetic Tool Facial Waxing Warmer (Hot Pink, One Size)",razors,women,,,,5.39,
B07MPZZ925,"BIC Click 5 Soleil Women's Disposable Razors, 5 Blades With a Moisture Strip For a Smoother Shave, 1 Handle and 3 Cartridges, 4 Piece Razor Set",razors,women,3121.0,4.5,,7.6,
B014HNOXZS,"Dorco Tinkle Eyebrow Razors for Women, Dermaplane Razor 6 Razors, Eyebrow Trimmer Dermaplaning Tool for Safe and Easy Thanksgiving Gift, Stocking Stuffer",razors,women,135799.0,4.6,,5.45,
B01G8C7B4G,finetoday Face Razor (3 pieces),razors,women,34.0,4.6,,5.45,
B003Y78C7E,"Derby Samurai 2 Twin Blade Non-Disposable Razor, 8 Ounce",razors,men,14.0,3.5,,1.49,
B0753L1P2X,Disposable Twin Razor Blades 5 In 1 Pack,razors,men,1.0,3.0,,1.49,
B01K69FJPA,4 Pack Twin Blade Plus Disposable Razors for Men and Women,razors,men,1.0,5.0,,1.95,
B0BZCLGM6C,Razors Bank Storage For Used Disposal Razors Case Beauty Tools Face Jewels,razors,men,,,,2.5,
B0BH8X6HNK,"Twin, Triple and Quadruple Blade Disposable Razors (Twin Blade)",razors,men,15.0,3.2,,2.99,
B005CQ6CG8,Super Max Twin Blade Disposable Razor - 10 Pack,razors,men,14.0,3.8,,,
B08XW2GVHD,FitSand Razor Holder Stand for BIC Comfort 3 Hybrid Men's Disposable Razor - 3 Pack (NOT Including Razor),razors,men,,,,2.99,
B08XWN5HMX,FitSand Razor Holder Stand for BIC Flex 5 Titanium Men's Disposable Razor - 3 Pack (NOT Including Razor),razors,men,,,,2.99,
B07CN8HSH5,"Wilkinson Sword Xtreme 3 Sensitive Disposable Razor Pack of 3, Plus 1 Free",razors,men,74.0,4.4,,3.85,
B07GQKG5NQ,Wilkinson Sword Extra 2 Sensitive Male Disposable Razors 5 Per Pack,razors,men,,,,,
B01LZU78EK,Five Blade Disposible Razors - 2ct,razors,men,2.0,5.0,,,
B09Q6GRYYJ,"Cleaning Scraper, Simple Operation 2Pcs Razor Scrapers ABS Ergonomic Handle for Car(Black+Blue)",razors,men,,,,,
B00RM1ICRI,"Graham Safety Razor W 10 Blades, Thank You",razors,men,3.0,5.0,,4.49,
B09Z21S9Q9,"3 Layered Razors Blades, Non Irritating Manual Men Blades for Perfect Present for Male",razors,men,,,,4.49,
B075FN2VVS,DORCO SUPER FRESH TWIN BLADE DISPOSABLE RAZORS - 10CT,razors,men,50.0,3.9,,4.62,
B07BMY4FY8,"BIC Flex 3 Hybrid Disposable Razors for Men, Long-lasting 3-Blade Razors With Slim Head for Precision Shaving, 1 Handle and 5 Cartridges, 6 Piece Shaving Kit",razors,men,1388.0,4.3,,7.75,
B00RD0DOR6,WILKINSON SWORD - Xtreme 3 for Men | Ultimate Comfort with Aloe Vera | 4 x Disposable Razors,razors,men,733.0,4.2,,4.75,
B07J5SSVKM,"Medpride Disposable Razors | 10-Pack| Twin Blades & Easy Grip For Max Control & Smoothness| Unisex, Smooth & Comfortable Shaving Care for Men & Women",razors,men,199.0,3.5,,4.79,
B0018MMXD6,"Supermax Mens' Twin Disposable Razors, 10 Pack",razors,men,,,,,
B0CQPPJG7V,"BIC Sensitive 3 Disposable Razors for Men With 3 Blades for Sensitive Skin, 5 Count Pack of Shaving Razors",razors,men,,,,4.92,
B07SDGDJPH,Derby Lady Razor 5 PCS,razors,men,1.0,3.0,,4.94,
B09Q8CCGDV,Retractable Razor Scraper,razors,men,,,,4.95,
B00TPXEGTY,"Bic Metal Men's Disposable Shaving Razors, 5-Count x 1 Pack",razors,men,480.0,4.3,,4.99,
B076B4XFZ7,Wholesale Personna Mens Razors 8ct Twin Blade,razors,men,23.0,4.3,,4.99,
B07BX1RQK5,STUDIO 35 MEN'S RAZOR,razors,men,4.0,5.0,,4.99,
B00Y5X816I,Schick Slim Twin Disposable Double Blade Razors 2 pk,razors,men,,,,4.99,
B0CNSY94TX,2 Pcs Men Razor Hanger Shaver Holder Storage Bathroom Accessories Plastic Free Punch HookWall Suction Cup Brush Blade Holder,razors,men,,,,4.99,
B0C3CG5SFB,Men Shaving Razor Portable Travel Storage Manual Razor Protective Silicone Cover,razors,men,,,,4.99,
B00QMGK2MC,Razor (Compatible),razors,men,1610.0,4.4,,5.24,
B0CSYVRC8R,Stainless steel three-layer razor blade Disposable Razor Men's disposable manual razor razor (1),razors,men,,,,5.0,
B09XBDPFZ5,Derby Razor 5 Pack Samurai2,razors,men,,,,5.24,
B07CKNBCRB,6-Blades-Disposable-Shaving-Razor-System-Twin-Value-Pack,razors,men,64.0,4.0,,5.25,
B07N2BM5FY,Dorco Super Fresh Twin Blade Disposable Razors - 10ct,razors,men,,,,5.25,
B07YNS39YN,"Twin Blade Disposable Razors with Lubricating Strips, 10-ct. Packs",razors,men,21.0,3.7,,5.36,
B00D1G8XA4,"BIC Comfort 3 Refillable Three-Blade Disposable Razor for Men, Sensitive Skin Razor For a Comfortable Shave, 1 Handle and 6 Cartridges, 7 Piece Razor Set",razors,men,24856.0,4.4,,5.43,
B000M42F3O,"Bic Men Classic Sensitive Disposable Razors, 5 Count (Pack of 1)",razors,men,713.0,3.9,,5.99,
B073PBCS9X,"Wilkinson Sword Pronto Disposable Razors, 1 Bag x 5 Pieces",razors,men,167.0,4.0,,5.5,
B0013AJLTM,Personna Twin Blade Plus Disposable Razors with Lubricating Strip 5 Pack(s),razors,men,4.0,4.8,,5.99,
B00CGTCSJ4,"Schick Exacta2 Sensitive Disposable Razor, 10 Count (1Pack)",razors,men,7520.0,4.5,,5.59,
B09DV3YQX3,"Razors Case,Portable Travel Manual Razors Storage Box Transparent Breathable Razors Handle Protect Box for Men",razors,men,,,,5.59,
B07HZFGHVF,"Schick Xtreme Pivot Ball Razor — Disposable Razors Men, Pivot Razor, Schick Pivot Ball, 3 Count",razors,men,787.0,4.4,,5.94,
B07MY2V7WC,"Amazon Basics 3-Blade Motion Sphere Razor for Men with Dual Lubrication, Handle & 2 Cartridges, Cartridges Fit Amazon Basics Razor Handles only, 3 Piece Set, Black (Previously Solimo)",razors,men,7166.0,4.3,,5.89,
B09SKXL8G6,"3 Pcs/set Shaving Blades for Men, Blades Holder Shaver Razor Blades for Travel",razors,men,,,,5.89,
B0799S6LBZ,Triple Blade Razors,razors,men,5.0,4.6,,6.39,
B07JYZ41LG,"QSHAVE - Portable Travel Razor Protector Hard Case for Manual Razor System (6-1/2"" X 2-1/2"" X 1""), 1PC, (No Razor In)",razors,men,809.0,4.4,,5.99,
B0B3PZWY74,[10-Pack] E & D Creations Comfort Touch Disposable Twin Blade Stainless Steel Razors with Contour Handle,razors,men,3.0,2.1,,5.99,
B013TZUIYA,Beauty 360 Precision Razors,razors,men,2.0,5.0,,,
B00DVI5CUG,Koleimports Mens Quadruple Blade Disposable Safe Shave Razors,razors,men,,,,5.99,
B0CSQLGNYF,"Shampoo Bar For Gray Hair Shampoo Bar For Grey Hair Shampoo Bar For Thinning Hair Shampoo Conditioner Bars Hair Mayonnaise (B, One Size)",shampoo,women,,,,,
B0C3RSBZW7,"Hair Ear Cover 200pcs Earmuffs Caps Protector Coloring Shower Clear Hair Care Shampoo Color Depositing (White, One Size)",shampoo,women,,,,,
B00UOL93CG,"Neutrogena T/Sal Therapeutic Shampoo for Scalp Build-Up Control with Salicylic Acid, Scalp Treatment for Dandruff, Scalp Psoriasis & Seborrheic Dermatitis Relief, 4.5 fl. oz",shampoo,women,7253.0,4.5,,6.99,
B075KPX9LJ,"OGX Restoring + Bonding Plex Salon Technology Shampoo, 13 Ounce, 385 Fl oz",shampoo,women,448.0,4.2,,0.56,
B003VDGE80,"TRESemmé Shampoo Luxurious Moisture 3 oz, 88 Ml (639123)",shampoo,women,29.0,4.0,,,
B0746N1T65,Silky Moisturizing Shampoo With Egg White+Propolis(200ml) 2307273,shampoo,women,1.0,5.0,,1.49,
B01M6BA0VT,"Pantene Pro-V Shampoo, Cleanse and Nourish for Dry Damaged Hair, Daily Moisture Renewal, Safe for Color Treated Hair, Paraben Free, for Women and Men, 3.38 oz",shampoo,women,218.0,4.4,,1.59,
B0CCCWB69W,Mins Shampoo Herbal Darkening Control Hair 30ml Frizz 10 Hair Care Scalp Concealer,shampoo,women,,,,,
B0C2J276GC,Makeup2ML Peeling HandMask Skin White Hard Exfoliating Dead Skin Care Hair Shampoo forSmooth Skin,shampoo,women,,,,1.66,
B0CC9CPX8P,For Treated Natural Vegan Women For HairSolid Dry And Shampoo Shampoo Soap Hair Hair Damaged For Men Bar Conditioner for Dry Hair,shampoo,women,,,,,
B079DF478L,Suave Professionals Shampoo For Fine to Flat Hair Rose Oil Infusion Volumizing Shampoo 12.6 oz,shampoo,women,360.0,4.6,,1.78,
B0C49XZW4S,Solid Shampoo Soap Hair Care Is Gentle And Helps Ensure Nourishment And Hair For All Hair Types Chapped Hair Soap For Hair And Care For Hair Hair Products for Dry Damaged Hair And Growth,shampoo,women,,,,,
B0B4BFHZ33,"Suave Essentials Energizing Shampoo, Infused with Strawberry Extract and Vitamin E, Strawberry Hair Shampoo with a Long Lasting Fragrance 22.5 oz",shampoo,women,7.0,4.2,,,
B0C3LWYRVF,"Damaged Soap Shampoo Hair For HairSolid Hair Natural And Shampoo Vegan For Treated Bar Dry Women For Men Deep Conditioner for Dry Damaged Hair (M, One Size)",shampoo,women,,,,,
B000A7KC9M,"Giovanni 50/50 Balanced Shampoo, 2 Fluid Ounce",shampoo,women,28.0,4.3,,6.04,
B0CDGZTJTF,"Shampoo Bar For Hair, Solid Shampoo Bar, Natural Darkening Shampoo Bar, Hair Soap,Helps Stop Hair Loss, Hair Regrowth, Hair Loss Treatmention for Men & Women (Clear, One Size)",shampoo,women,,,,1.99,
B0B4T33GZW,100PCS Earmuffs Disposable Dyed Waterproof Earmuffs Hair Plastic Earmuffs Baked Hair Care Sent from Earth Shampoo,shampoo,women,,,,1.99,
B089MCVF9N,"Malibu C Un-Do-Goo Shampoo - Clarifying Shampoo to Remove Product Build Up + Resins from Hair - Shine Restoring, Moisturizing Cleansing Shampoo",shampoo,women,4625.0,4.5,,2.0,
B0C3RMP5SZ,"Shampoo Mild Natural Bar Darkening Darkening Polygonum Soap Hair Hair Care Natural Hair Conditioner for Dry Hair (Black, One Size)",shampoo,women,,,,,
B07ZJWLN9T,"TRESemmé Pro Pure Shampoo For Daily Moisture Light Moisture Paraben Free, Dye Free Shampoo 16 oz",shampoo,women,87.0,4.3,,14.59,
B07LCHC875,"Aussie For fine Hair Aussie Paraben Shampoo, 12.1 Fl Oz (Pack of 1) (427731)",shampoo,women,270.0,4.4,,2.18,
B0C4KRT2XS,"For Women Salon Hairstyling Stickers DIY Baby Fashion Hair Hair Care People Shampoo (G, One Size)",shampoo,women,,,,,
B0CC9CHPLK,For HairSolid Shampoo Hair Women And Vegan For Treated Dry Damaged Natural For Men Shampoo Bar Hair Soap Hair Toner for Brunettes,shampoo,women,,,,,
B01N5P12DZ,"Dove Ultra Care Shampoo Coconut & Hydration for Dry Hair Shampoo with Coconut Oil, Jojoba Oil & Sweet Almond Oil 12 oz",shampoo,women,200.0,4.6,,2.38,
B01N6SI37M,"Pantene Pro-V Daily Moisture Renewal Hydrating Shampoo, 3.38 fl oz",shampoo,women,1710.0,4.7,,,
B003VDEBXU,"Nexxus Hair Color Assure Sulfate Free Shampoo with ProteinFusion, For Colored Treated Hair Color Shampoo 3 oz",shampoo,women,16.0,3.4,,2.5,
B0C4FQT1ZD,"For Treated Natural Vegan Women For HairSolid Dry And Shampoo Shampoo Soap Hair Hair Damaged For Men Bar Shampoo for Thin Brittle Hair (L, One Size)",shampoo,women,,,,2.67,
B0016BO7PQ,"Giovanni Hair Care Products Shampoo Tea Tree Triple Treat, 2 Fluid Ounce",shampoo,women,87.0,4.4,,5.49,
B000N3PF7M,Giovanni Smooth As Silk™ Deep Moisture Shampoo -- 2 fl oz,shampoo,women,45.0,3.4,,6.04,
B01B7U7ZCW,"Pantene Pro-V Smooth & Sleek Shampoo, 3.38 fl oz",shampoo,women,13.0,3.4,,,
B0C93ZTMZD,"Black & Thick Hair Fallopia Multiflora Shampoo Bar, Darkening Shampoo Bar for Gray Hair, He Shou Wu Extract Shampoo, He Shou Wu Shampoo Soap, Promotes Hair Growth and Prevents Hair Loss (1PC)",shampoo,women,,,,2.99,
B0CTFPLJG6,"Hair Dye Shampoo 3 in 1, Natural Hair Dye for Gray Hair Coverage, Herbal Ingredients Hair Color Shampoo for Women Men Gray Coverage, Black Hair Dye Coloring in Minutes (brown)",shampoo,women,,,,2.99,
B0CTDPYCKC,"Solid Shampoo Bar – Natural Shampoo Bar and conditioner For Dry Hair, - Hair Soap with Natural Ingredients - Vegan Solid Shampoo For All Hair Types - Any Curly, Wavy, Gray, Straight, (M, One Size)",shampoo,women,,,,2.99,
B0BRRB5CX2,"For HairSolid Shampoo Hair Women And Vegan For Treated Dry Damaged Natural For Men Shampoo Bar Hair Soap Conditioner for Frizzy Hair (J, One Size)",shampoo,women,,,,3.03,
B09K11P5R5,"Pantene Shampoo with Frizz Control, Smooth & Sleek, Safe for Color-Treated Hair, 355 mL",shampoo,women,49.0,4.5,,3.28,
B0B8CS66JN,"Vegan Dry Hair Bar Hair For Men For HairSolid Shampoo Shampoo And Damaged Women Soap Natural For Treated Hair Silk (H, One Size)",shampoo,women,,,,3.28,
B082HP1FR8,Sel Adjusting Moisturizing Shampoo 13 oz,shampoo,women,17.0,4.2,,3.29,
B08TNY1K7Y,Suave Clarifying Shampoo for Oily Hair Tea Tree Hemp Seed Oil Paraben Free 12.6 oz,shampoo,women,275.0,4.5,,3.29,
B0037LMGVU,Suave Moisturizing Shampoo Almond + Shea Butter Paraben Free 12.6 oz,shampoo,women,144.0,4.4,,3.29,
B0BZYDG8XS,"Damaged Soap Shampoo Hair For HairSolid Hair Natural And Shampoo Vegan For Treated Bar Dry Women For Men Curl Rehab (A, One Size)",shampoo,women,,,,3.33,
B0BZY7Z7CH,"Vegan Dry Hair Bar Hair For Men For HairSolid Shampoo Shampoo And Damaged Women Soap Natural For Treated Hair So Real (L, One Size)",shampoo,women,,,,3.33,
B00SD7DCLQ,"Suave Professionals Smoothing Shampoo, Keratin Infusion, 12.6 oz",shampoo,women,176.0,4.7,,3.39,
B01N97PCBH,"Fructis Pure Clean Purifying Shampoo, Silicone-Free, 12.5 Fl Oz, 1 Count (Packaging May Vary)",shampoo,women,20368.0,4.5,,3.47,
B01MFF7A02,"Fructis Color Shield Shampoo, Fortifying Shampoo for Color Treated Hair, Works on All Types of Hair and Color, Vegan and Paraben Free, 12.5 fl. oz.",shampoo,women,2929.0,4.6,,3.47,
B01MDTVV6T,"Fructis Curl Nourish Sulfate Free Moisturizing Shampoo, 12.5 Fl Oz, 1 Count (Packaging May Vary)",shampoo,women,5611.0,4.6,,3.47,
B003PJKNLY,"Prell Shampoo Original, 13.5 Oz",shampoo,women,1285.0,4.7,,3.49,
B0020100FM,Suave Naturals Gnetle Cleansing Shampoo - Wild Cherry Blossom - 22.5 oz,shampoo,women,19.0,3.3,,,
B07J6QTTVF,Neutral Roberts: Shower Refreshing Shampoo 250ml / 8.45fl.oz,shampoo,women,531.0,4.2,,,
B08BTMXSG6,TRESemmé Shampoo Moisture Rich 3 Count for Dry Hair Professional Quality Salon-Healthy Look and Shine Moisture Rich Formulated with Vitamin E and Biotin 28 oz,shampoo,women,4284.0,4.7,,17.97,
B01INE0KAY,Dove Nutritive Solutions Moisturizing Shampoo Daily Moisture for Dry Hair with Pro-Moisture Complex for Manageable and Silky Hair 12 oz (Pack of 4),shampoo,women,4223.0,4.7,,15.92,
B08BTG8NQC,Dove Nourishing Secrets Hydrating Shampoo Coconut and Hydration 6 Count for Daily Use Dry Hair Shampoo With Refreshing Lime Scent 12 oz,shampoo,women,860.0,4.6,,23.93,
B01INE0PJK,Dove Nutritive Solutions Strengthening Shampoo Intensive Repair 4 Count Formula for Damaged Hair Dry Hair Shampoo With Keratin Actives 12 oz,shampoo,women,1994.0,4.7,,15.92,
B0CSQLGNYF,"Shampoo Bar For Gray Hair Shampoo Bar For Grey Hair Shampoo Bar For Thinning Hair Shampoo Conditioner Bars Hair Mayonnaise (B, One Size)",shampoo,men,,,,,
B00UOL93CG,"Neutrogena T/Sal Therapeutic Shampoo for Scalp Build-Up Control with Salicylic Acid, Scalp Treatment for Dandruff, Scalp Psoriasis & Seborrheic Dermatitis Relief, 4.5 fl. oz",shampoo,men,7253.0,4.5,,6.99,
B0BW2VSB2S,Beard Color Shampoo For Men Natural Beard Darkening Shampoo For Men Blackening Shampoo Beard 30ml,shampoo,men,,,,0.73,
B00CHL3KN4,"Alberto V05 Moisture Milks Moisturizing Shampoo Strawberries & Cream, 15 Oz",shampoo,men,13.0,3.9,,8.64,
B0BXKMJMC4,"Natural Herbal Amla Shampoo for all Hair Types Herbal Thickening Shampoo with Argan Oil, Pumpkin Seed Oil, Red Korean Seaweed, Saw Palmetto, Tea Tree Oil",shampoo,men,,,,0.99,
B003VDGE80,"TRESemmé Shampoo Luxurious Moisture 3 oz, 88 Ml (639123)",shampoo,men,29.0,4.0,,,
B0C3LBV153,"Beard Color Shampoo For Men Natural Beard Darkening Shampoo For Men Blackening Shampoo Beard 30ml Fresh Wolf (Pink, One Size)",shampoo,men,,,,,
B0746N1T65,Silky Moisturizing Shampoo With Egg White+Propolis(200ml) 2307273,shampoo,men,1.0,5.0,,1.49,
B0CC5B95ZD,Beard Color Shampoo For Men Natural Beard Darkening Shampoo For Men Blackening Shampoo Beard 30ml Nose Strips,shampoo,men,,,,,
B0CC9CPX8P,For Treated Natural Vegan Women For HairSolid Dry And Shampoo Shampoo Soap Hair Hair Damaged For Men Bar Conditioner for Dry Hair,shampoo,men,,,,,
B0B4BFHZ33,"Suave Essentials Energizing Shampoo, Infused with Strawberry Extract and Vitamin E, Strawberry Hair Shampoo with a Long Lasting Fragrance 22.5 oz",shampoo,men,7.0,4.2,,,
B09VL4VLTQ,DOVE MEN + CARE Fortifying 2 in 1 Shampoo and Conditioner for Normal to Oily Hair Fresh and Clean with Caffeine Helps Strengthen Thinning Hair 3 oz,shampoo,men,9372.0,4.6,,1.97,
B0C3LWYRVF,"Damaged Soap Shampoo Hair For HairSolid Hair Natural And Shampoo Vegan For Treated Bar Dry Women For Men Deep Conditioner for Dry Damaged Hair (M, One Size)",shampoo,men,,,,,
B000A7KC9M,"Giovanni 50/50 Balanced Shampoo, 2 Fluid Ounce",shampoo,men,28.0,4.3,,6.04,
B0CDGZTJTF,"Shampoo Bar For Hair, Solid Shampoo Bar, Natural Darkening Shampoo Bar, Hair Soap,Helps Stop Hair Loss, Hair Regrowth, Hair Loss Treatmention for Men & Women (Clear, One Size)",shampoo,men,,,,1.99,
B089MCVF9N,"Malibu C Un-Do-Goo Shampoo - Clarifying Shampoo to Remove Product Build Up + Resins from Hair - Shine Restoring, Moisturizing Cleansing Shampoo",shampoo,men,4625.0,4.5,,2.0,
B07ZJWLN9T,"TRESemmé Pro Pure Shampoo For Daily Moisture Light Moisture Paraben Free, Dye Free Shampoo 16 oz",shampoo,men,87.0,4.3,,14.59,
B0CC9CHPLK,For HairSolid Shampoo Hair Women And Vegan For Treated Dry Damaged Natural For Men Shampoo Bar Hair Soap Hair Toner for Brunettes,shampoo,men,,,,,
B01N6SI37M,"Pantene Pro-V Daily Moisture Renewal Hydrating Shampoo, 3.38 fl oz",shampoo,men,1710.0,4.7,,,
B0746MMP1S,Shampoo With Tea Tree Oil & Botanicals(400ml) 2305743,shampoo,men,,,,2.49,
B0C4FQT1ZD,"For Treated Natural Vegan Women For HairSolid Dry And Shampoo Shampoo Soap Hair Hair Damaged For Men Bar Shampoo for Thin Brittle Hair (L, One Size)",shampoo,men,,,,2.67,
B0C3R8P5YJ,"Eyelash Shampoo Clean False Eyelashes Eyelash Cleaning Shampoo 50ml Nose Piercing Cover (White, One Size)",shampoo,men,,,,,
B00008I8PP,"Suave Men 2 in 1 Shampoo and Conditioner, Ocean Charge, 12.6 Fl Oz (Pack of 1)",shampoo,men,2989.0,4.6,,2.94,
B0016BO7PQ,"Giovanni Hair Care Products Shampoo Tea Tree Triple Treat, 2 Fluid Ounce",shampoo,men,87.0,4.4,,5.49,
B01B7U7ZCW,"Pantene Pro-V Smooth & Sleek Shampoo, 3.38 fl oz",shampoo,men,13.0,3.4,,,
B0C93ZTMZD,"Black & Thick Hair Fallopia Multiflora Shampoo Bar, Darkening Shampoo Bar for Gray Hair, He Shou Wu Extract Shampoo, He Shou Wu Shampoo Soap, Promotes Hair Growth and Prevents Hair Loss (1PC)",shampoo,men,,,,2.99,
B0CTFPLJG6,"Hair Dye Shampoo 3 in 1, Natural Hair Dye for Gray Hair Coverage, Herbal Ingredients Hair Color Shampoo for Women Men Gray Coverage, Black Hair Dye Coloring in Minutes (brown)",shampoo,men,,,,2.99,
B0CTDPYCKC,"Solid Shampoo Bar – Natural Shampoo Bar and conditioner For Dry Hair, - Hair Soap with Natural Ingredients - Vegan Solid Shampoo For All Hair Types - Any Curly, Wavy, Gray, Straight, (M, One Size)",shampoo,men,,,,2.99,
B0BRRB5CX2,"For HairSolid Shampoo Hair Women And Vegan For Treated Dry Damaged Natural For Men Shampoo Bar Hair Soap Conditioner for Frizzy Hair (J, One Size)",shampoo,men,,,,3.03,
B00H57CSLA,"Pert Plus, Happy Medium 2 in 1 Shampoo Plus Conditioner - 1.7 oz, 2 Pack",shampoo,men,41.0,3.4,,5.95,
B0018PHA6S,"Pert Plus 2-in-1 Shampoo Plus Conditioner, Normal Hair 13.50 oz",shampoo,men,783.0,4.6,,3.18,
B09HHHH222,"Amazon Basics 2-in-1 Dandruff Shampoo & Conditioner, Green Apple Scent, 14.2 Fluid Ounces, 1-Pack (Previously Solimo)",shampoo,men,1301.0,4.4,,3.26,
B0B8CS66JN,"Vegan Dry Hair Bar Hair For Men For HairSolid Shampoo Shampoo And Damaged Women Soap Natural For Treated Hair Silk (H, One Size)",shampoo,men,,,,3.28,
B082HP1FR8,Sel Adjusting Moisturizing Shampoo 13 oz,shampoo,men,17.0,4.2,,3.29,
B0BZYDG8XS,"Damaged Soap Shampoo Hair For HairSolid Hair Natural And Shampoo Vegan For Treated Bar Dry Women For Men Curl Rehab (A, One Size)",shampoo,men,,,,3.33,
B0BZY7Z7CH,"Vegan Dry Hair Bar Hair For Men For HairSolid Shampoo Shampoo And Damaged Women Soap Natural For Treated Hair So Real (L, One Size)",shampoo,men,,,,3.33,
B01N97PCBH,"Fructis Pure Clean Purifying Shampoo, Silicone-Free, 12.5 Fl Oz, 1 Count (Packaging May Vary)",shampoo,men,20368.0,4.5,,3.47,
B01MFF7A02,"Fructis Color Shield Shampoo, Fortifying Shampoo for Color Treated Hair, Works on All Types of Hair and Color, Vegan and Paraben Free, 12.5 fl. oz.",shampoo,men,2929.0,4.6,,3.47,
B01MDTVV6T,"Fructis Curl Nourish Sulfate Free Moisturizing Shampoo, 12.5 Fl Oz, 1 Count (Packaging May Vary)",shampoo,men,5611.0,4.6,,3.47,
B003PJKNLY,"Prell Shampoo Original, 13.5 Oz",shampoo,men,1285.0,4.7,,3.49,
B0020100FM,Suave Naturals Gnetle Cleansing Shampoo - Wild Cherry Blossom - 22.5 oz,shampoo,men,19.0,3.3,,,
B07PY962WZ,"Purezero Coconut Milk Moisturizing Shampoo - 12 Fl Ounce - Intense Hydration & Increase Shine - Fight Dandruff & Frizz - Zero Sulfates, Parabens, Dyes - 100% Vegan & Cruelty Free",shampoo,men,480.0,4.4,,,
B09HHC156B,"Amazon Basics 2-in-1 Dandruff Shampoo and Conditioner for Men, Smooth Spice Scent, 14.2 Fluid Ounces, 1-Pack (Previously Solimo)",shampoo,men,2126.0,4.5,,3.75,
B0CH3BSRRS,"Gray Reverse Soap,Cover Gray Hair Bar Soap,Natural Hair Darkening Shampoo Soap for Gray Hair Coverage Soap,Gray White Hair Reverse Soap,Restore Shiny Hair,for Women Men",shampoo,men,1.0,2.0,,3.78,
B00DT6UMJQ,Shampoo with Moroccan Argan Oil Extract,shampoo,men,45.0,4.3,,7.27,
B09HHBNR4G,"Amazon Basics 2-in-1 Dandruff Shampoo & Conditioner, Gentle and pH Balanced, 14.2 Fl Oz (Pack of 1) (Previously Solimo)",shampoo,men,5635.0,4.5,,3.89,
B00PWLBXO4,Schwarzkopf Mens Hair Shampoo 250 Ml,shampoo,men,6.0,4.2,,13.65,
B00CC2IW2C,Savile Shampoo Control Caida 2 En 1 pulpa de Sabila Y Miel (Aloe & Honey),shampoo,men,68.0,4.1,,9.15,
B00NKS0CWK,Avon Black Suede Deodorant 1.7 Fl.Oz-1pcs,deodorant,women,2.0,4.0,,0.6,
B00RI8MPV4,Avon FAR Away Roll-on Anti-perspirant Deodorant Bonus Size 2.6 Fl. Oz.,deodorant,women,21.0,4.2,,6.2,
B007RAMSAQ,Underarm & Foot (Deodorant Powder) 40g,deodorant,women,190.0,4.3,,7.4,
B006889FCW,Avon Cool Confidence Original Scent Roll-on Anti-perspirant Deodorant Bonus Size 2.6 Fl. Oz.,deodorant,women,69.0,4.1,,5.99,
B0016507LU,Candid 1.7 Oz Roll-On Anti-Perspirant Deodorant by Avon,deodorant,women,24.0,4.2,,5.99,
B00YR0N1J6,Underarm & Foot Deodorant Powder 80 grams Large Size by Milcu,deodorant,women,325.0,4.7,,10.0,
B08TL2QWKZ,Suave Deodorant Antiperspirant & Deodorant Stick 48-hour Odor and Wetness Protection Powder Deodorant for Women 1.2 oz,deodorant,women,3344.0,4.7,,,
B0065LCULK,Avon Sweet Honesty Roll on Deodorant 2.6 FL OZ,deodorant,women,299.0,4.4,,5.12,
B00NJRW6SA,Avon Black Suede Deodorant 2.6 Fl.Oz,deodorant,women,5.0,4.5,,6.49,
B008OIKRVM,"Degree Men Dry Protection Anti-Perspirant, Cool Rush, 0.5 Oz Deodorant Stick",deodorant,women,12.0,4.0,,,
B002HEAVA6,Feelin' Fresh Original 1.7 Oz Roll-On Anti-Perspirant Deodorant by Avon,deodorant,women,11.0,4.5,,6.71,
B00NDR2QEA,"Dove Advanced Care Travel Sized Antiperspirant Deodorant Stick Cool Essentials, for 48 Hour Protection And Soft And Comfortable Underarms, Deodorant for Women 0.5 oz",deodorant,women,4437.0,4.7,,,
B00YT2TM8Q,Avon Candid Roll-on Anti-perspirant Deodorant Bonus Size 2.6 Fl. Oz. (2 Pack),deodorant,women,40.0,4.5,,6.61,
B0042B5NFU,Anti-Perspirant Deodorant By Avon - 1.7. Fl. Oz - Imari,deodorant,women,16.0,4.5,,6.76,
B00PL59V9A,"Inc. Newstd16 Deodorant Stick, 1-3/5 Oz.,New World Imports, Inc. - Each 1",deodorant,women,,,,8.53,
B00DRDZMIC,Deodorant Body Spray 165ml Hamilton,deodorant,women,182.0,3.9,,11.1,
B0093SCJ8Q,ARM & HAMMER ULTRAMAX Anti-Perspirant Deodorant Active Sport 2.60 oz ( Pack of 1),deodorant,women,675.0,4.5,,,
B0014CV12E,ARM & HAMMER ULTRAMAX Anti-Perspirant Deodorant Active Sport 2.60 oz,deodorant,women,3120.0,4.5,,,
B09DDC3NPH,Suave Fresh Vibes Deodorant Stick Aluminum Free 48 Hour Deodorant Protection Berry Bliss Dermatologist Tested Body Deodorant 1.2 oz,deodorant,women,54.0,4.0,,,
B000GWP2MI,Avon Sweet Honesty Roll-on Anti-perspirant Deodorant,deodorant,women,5.0,4.1,,,
B000P9GMHQ,"Lady Speed Stick Invisible Dry Antiperspirant & Deodorant, Shower Fresh - Purple 2.3 oz",deodorant,women,351.0,4.7,,,
B0C1X3319G,"Deodorant Cream - Deodorant for Armpits and Private Parts - Native Deodorant Eliminating Odor Skin Safe Whole Body Deodorant for Women and Men, 0.35 oz",deodorant,women,2.0,3.5,,1.99,
B004RBRO5C,"Old Spice Swagger Red Zone Collection Anti-Perpirant & Deodorant, 0.5 oz",deodorant,women,52.0,4.4,,,
B0CM3QX7CK,"50ml/1.7fl Oz Roll-On Aroma Body Dew - Romantic Rose Deodorant, Perfume Aroma, Antiperspirant And Quick Drying, Inhibit Sweating And Deodorize",deodorant,women,,,,2.09,
B003P1C4XW,Haiku Roll-on Anti-perspirant Deodorant,deodorant,women,12.0,4.6,,7.39,
B08VF6VC1Z,"Thai Deodorant Stone Crystal Mist Natural Deodorant Spray 8 oz. Bundle (Lavender & Jasmine, Single)",deodorant,women,5395.0,4.5,,13.08,
B00450FPWE,"Arrid XX Extra Dry Solid Antiperspirant Deodorant, 2.0 Ounce (56g)",deodorant,women,411.0,4.6,,,
B001E8E7GK,Sure Reg Solid Size 2.7z Sure Regular Original Solid Anti-Perspirant Deodorant,deodorant,women,621.0,4.7,,2.24,
B00CW26X6O,Avon Cool Confidence Roll-On Anti-Perspirant Deodorant 1.7 fl. oz. (Original),deodorant,women,,,,6.98,
B01MSAIDIB,"EO Deodorant Lavender Wipes, 6 Count",deodorant,women,412.0,4.7,,7.35,
B09N9GCFH5,"Antiperspirant Roll-on, Underarm Body Gentle Effective Deep Deodorant Natural Herbal Antiperspirant",deodorant,women,,,,2.29,
B01M0ZS9PU,Crystal Deodorant Spray 4 Ounce Vanilla & Jasmine (118ml),deodorant,women,31.0,4.0,,9.52,
B00I4IOTIO,"Arm & Hammer Ultra Max Deodorant Powder Fresh, Solid, 1 Oz",deodorant,women,867.0,4.6,,4.3,
B00RR57YCI,Fa Pink Passion 48h Roll-On Deodorant Anti-Perspirant 50ml / 1.7 oz,deodorant,women,8.0,4.0,,6.99,
B009U1ZD2A,"Speed Stick Speed Stick Regular Deodorant 24hr Freshness, 3 Oz",deodorant,women,623.0,4.6,,2.47,
B00JRBN52I,L'Oréal Paris Men Expert Deodorant Roll-On - Thermic Resist (50ml),deodorant,women,503.0,4.6,,6.94,
B0014D2000,"Speed Stick Antiperspirant & Deodorant Solid, Unscented, 3 oz",deodorant,women,1493.0,4.5,,2.59,
B00NKH4OM0,"Avon Imari Deodorant, 1.7 Fl.Oz - Anti-Perspirant Roll-On for Dryness and Fresh Scent",deodorant,women,2.0,2.4,,2.7,
B0014D2A64,"Sure Deodorant Invisible Solid, Unscented - 2.6 oz",deodorant,women,283.0,4.6,,,
B0B2S952P4,"Brrnoo Unscented Deodorant Spray, 30ml, Daily Use, Safe, Non-Irritating, Odor Control",deodorant,women,41.0,2.7,,2.85,
B0001ZWPKC,Imari 1.7 Oz Roll-On Anti-Perspirant Deodorant by Avon,deodorant,women,88.0,4.4,,6.98,
B008O6SZEK,Hi and Dri Antiperspirant Deodorant Roll On Powder Fresh 1.7 Ounces,deodorant,women,50.0,4.3,,2.9,
B083C6DM3G,Native Candy Cane Mini Deodorant - 0.35oz,deodorant,women,75.0,3.4,,8.84,
B0CJHXJXLY,"Natural Moisturizing Deodorant Stick, Natural Deodorant for Women and Men, Long Lasting All-Day Odor and Sweat Protection Waterproof",deodorant,women,109.0,3.5,,2.99,
B00QEHTGF8,Avon Sweet Honisty Deodorant 1pcs,deodorant,women,7.0,4.0,,2.99,
B00005308X,"Sure Invisible Solid Anti-Perspirant & Deodorant, Unscented, 2.6 Ounce (ID71717)",deodorant,women,1761.0,4.8,,,
B000Q68WJO,"Sure Wide Solid Deodorant, Regular Scent for Men and Women, 2.7 oz",deodorant,women,50.0,4.3,,,
B004X8L62Q,"Suave Antiperspirant Deodorant, Powder, 1.4 oz",deodorant,women,2.0,5.0,,2.99,
B00UB75J58,Degree Men Original Antiperspirant Deodorant 48-Hour Odor Protection Cool Rush Stick 2.7 oz,deodorant,men,598.0,4.6,,,
B00NKS0CWK,Avon Black Suede Deodorant 1.7 Fl.Oz-1pcs,deodorant,men,2.0,4.0,,0.6,
B00RI8MPV4,Avon FAR Away Roll-on Anti-perspirant Deodorant Bonus Size 2.6 Fl. Oz.,deodorant,men,21.0,4.2,,6.2,
B007RAMSAQ,Underarm & Foot (Deodorant Powder) 40g,deodorant,men,190.0,4.3,,7.4,
B006889FCW,Avon Cool Confidence Original Scent Roll-on Anti-perspirant Deodorant Bonus Size 2.6 Fl. Oz.,deodorant,men,69.0,4.1,,5.99,
B0016507LU,Candid 1.7 Oz Roll-On Anti-Perspirant Deodorant by Avon,deodorant,men,24.0,4.2,,5.99,
B00YR0N1J6,Underarm & Foot Deodorant Powder 80 grams Large Size by Milcu,deodorant,men,325.0,4.7,,10.0,
B08TL2QWKZ,Suave Deodorant Antiperspirant & Deodorant Stick 48-hour Odor and Wetness Protection Powder Deodorant for Women 1.2 oz,deodorant,men,3344.0,4.7,,,
B0065LCULK,Avon Sweet Honesty Roll on Deodorant 2.6 FL OZ,deodorant,men,299.0,4.4,,5.12,
B007VHJWRM,DOVE MEN + CARE Antiperspirant Deodorant Stick Clean Comfort 72-Hour Sweat & Odor Protection Antiperspirant for Men With 1/4 Moisturizing Cream 0.5 oz (Packaging May Vary),deodorant,men,920.0,4.4,,1.39,
B00NJRW6SA,Avon Black Suede Deodorant 2.6 Fl.Oz,deodorant,men,5.0,4.5,,6.49,
B008OIKRVM,"Degree Men Dry Protection Anti-Perspirant, Cool Rush, 0.5 Oz Deodorant Stick",deodorant,men,12.0,4.0,,,
B00CVZGKWE,Dove Men+Care Clean Comfort 48H Anti-Perspirant Deodorant Roll On 50ml- by Dove,deodorant,men,12.0,3.1,,1.59,
B002HEAVA6,Feelin' Fresh Original 1.7 Oz Roll-On Anti-Perspirant Deodorant by Avon,deodorant,men,11.0,4.5,,6.71,
B00NDR2QEA,"Dove Advanced Care Travel Sized Antiperspirant Deodorant Stick Cool Essentials, for 48 Hour Protection And Soft And Comfortable Underarms, Deodorant for Women 0.5 oz",deodorant,men,4437.0,4.7,,,
B00YT2TM8Q,Avon Candid Roll-on Anti-perspirant Deodorant Bonus Size 2.6 Fl. Oz. (2 Pack),deodorant,men,40.0,4.5,,6.61,
B0042B5NFU,Anti-Perspirant Deodorant By Avon - 1.7. Fl. Oz - Imari,deodorant,men,16.0,4.5,,6.76,
B00PL59V9A,"Inc. Newstd16 Deodorant Stick, 1-3/5 Oz.,New World Imports, Inc. - Each 1",deodorant,men,,,,8.53,
B00DRDZMIC,Deodorant Body Spray 165ml Hamilton,deodorant,men,182.0,3.9,,11.1,
B0093SCJ8Q,ARM & HAMMER ULTRAMAX Anti-Perspirant Deodorant Active Sport 2.60 oz ( Pack of 1),deodorant,men,675.0,4.5,,,
B0014CV12E,ARM & HAMMER ULTRAMAX Anti-Perspirant Deodorant Active Sport 2.60 oz,deodorant,men,3120.0,4.5,,,
B09DDC3NPH,Suave Fresh Vibes Deodorant Stick Aluminum Free 48 Hour Deodorant Protection Berry Bliss Dermatologist Tested Body Deodorant 1.2 oz,deodorant,men,54.0,4.0,,,
B000GWP2MI,Avon Sweet Honesty Roll-on Anti-perspirant Deodorant,deodorant,men,5.0,4.1,,,
B000P9GMHQ,"Lady Speed Stick Invisible Dry Antiperspirant & Deodorant, Shower Fresh - Purple 2.3 oz",deodorant,men,351.0,4.7,,,
B0C1X3319G,"Deodorant Cream - Deodorant for Armpits and Private Parts - Native Deodorant Eliminating Odor Skin Safe Whole Body Deodorant for Women and Men, 0.35 oz",deodorant,men,2.0,3.5,,1.99,
B00YGJXSX2,Old Spice Red Collection Swagger Antiperspirant and Deodorant for Men .5 oz,deodorant,men,68.0,4.4,,,
B004RBRO5C,"Old Spice Swagger Red Zone Collection Anti-Perpirant & Deodorant, 0.5 oz",deodorant,men,52.0,4.4,,,
B0CM3QX7CK,"50ml/1.7fl Oz Roll-On Aroma Body Dew - Romantic Rose Deodorant, Perfume Aroma, Antiperspirant And Quick Drying, Inhibit Sweating And Deodorize",deodorant,men,,,,2.09,
B003P1C4XW,Haiku Roll-on Anti-perspirant Deodorant,deodorant,men,12.0,4.6,,7.39,
B08VF6VC1Z,"Thai Deodorant Stone Crystal Mist Natural Deodorant Spray 8 oz. Bundle (Lavender & Jasmine, Single)",deodorant,men,5395.0,4.5,,13.08,
B00450FPWE,"Arrid XX Extra Dry Solid Antiperspirant Deodorant, 2.0 Ounce (56g)",deodorant,men,411.0,4.6,,,
B001E8E7GK,Sure Reg Solid Size 2.7z Sure Regular Original Solid Anti-Perspirant Deodorant,deodorant,men,621.0,4.7,,2.24,
B00CW26X6O,Avon Cool Confidence Roll-On Anti-Perspirant Deodorant 1.7 fl. oz. (Original),deodorant,men,,,,6.98,
B01M0ZS9PU,Crystal Deodorant Spray 4 Ounce Vanilla & Jasmine (118ml),deodorant,men,31.0,4.0,,9.52,
B00I4IOTIO,"Arm & Hammer Ultra Max Deodorant Powder Fresh, Solid, 1 Oz",deodorant,men,867.0,4.6,,4.3,
B00RR57YCI,Fa Pink Passion 48h Roll-On Deodorant Anti-Perspirant 50ml / 1.7 oz,deodorant,men,8.0,4.0,,6.99,
B009U1ZD2A,"Speed Stick Speed Stick Regular Deodorant 24hr Freshness, 3 Oz",deodorant,men,623.0,4.6,,2.47,
B00JRBN52I,L'Oréal Paris Men Expert Deodorant Roll-On - Thermic Resist (50ml),deodorant,men,503.0,4.6,,6.94,
B0014CQGLK,"Degree Men Original Antiperspirant Deodorant for Men, 48-Hour Sweat and Odor Protection, Cool Rush 2.7 oz",deodorant,men,3646.0,4.6,,,
B0014D2000,"Speed Stick Antiperspirant & Deodorant Solid, Unscented, 3 oz",deodorant,men,1493.0,4.5,,2.59,
B00NKH4OM0,"Avon Imari Deodorant, 1.7 Fl.Oz - Anti-Perspirant Roll-On for Dryness and Fresh Scent",deodorant,men,2.0,2.4,,2.7,
B00HXAM0SA,"Speed Stick Power Antiperspirant Deodorant for Men, Cool Fresh - 1.8 Ounce (Pack of 1)",deodorant,men,124.0,4.4,,,
B0014D2A64,"Sure Deodorant Invisible Solid, Unscented - 2.6 oz",deodorant,men,283.0,4.6,,,
B0B2S952P4,"Brrnoo Unscented Deodorant Spray, 30ml, Daily Use, Safe, Non-Irritating, Odor Control",deodorant,men,41.0,2.7,,2.85,
B093BC7LZ2,"JASON Men's Refreshing Deodorant Stick, 2.5 oz",deodorant,men,435.0,3.9,,6.16,
B0001ZWPKC,Imari 1.7 Oz Roll-On Anti-Perspirant Deodorant by Avon,deodorant,men,88.0,4.4,,6.98,
B008O6SZEK,Hi and Dri Antiperspirant Deodorant Roll On Powder Fresh 1.7 Ounces,deodorant,men,50.0,4.3,,2.9,
B00GMAFGXI,Black Suede Roll-On Anti-Perspirant Deodorant for Men 1.7 fl oz (2 Pack),deodorant,men,5.0,4.4,,2.9,
B0CDQHK8VG,Men's Natural Deodorant - Aluminum-Free Deodorant from Dr. Squatch - Natural Deodorizer - made w/charcoal - Deodorant for Men - Smell fresh with Rainforest Rapids and Wood Barrel Bourbon (2 Pk),deodorant,men,157.0,4.5,,34.95,
B08TWFRWC8,"Dr. Squatch Natural Deodorant for Men – Odor-Squatching Men's Deodorant Aluminum Free - Alpine Sage + Fresh Falls (2.65 oz, 2 Pack)",deodorant,men,7407.0,4.3,,34.95,
B093KK33C7,"Dr. Squatch Natural Deodorant for Men – Odor-Squatching Men's Deodorant Aluminum Free - Pine Tar + Birchwood Breeze (2.65 oz, 2 Pack)",deodorant,men,8880.0,4.3,,34.95,
B00TPRG5D0,"Degree Men Original Antiperspirant Deodorant for Men, Pack of 2, 48-Hour Sweat and Odor Protection, Cool Rush 2.7 oz",deodorant,men,3154.0,4.7,,5.78,
B000R4FHD4,"Gold Bond Ultimate Healing Skin Therapy Lotion, 1 Ounce",lotion,women,83.0,4.2,,,
B007JB4658,Clinique Clarifying Lotion 2 1oz/30ml,lotion,women,73.0,4.2,,5.6,
B0C3R6T2D6,Green Tea Essences Creams Moisturizing Skin Care Product Facial Care Product Body Lotion for Dry Skin,lotion,women,,,,,
B0CC4KBM47,Solution For Ingrowns And Care Skin Burns The Hair Burns After And Shave For Unsightly Bumps Pipette Lotion,lotion,women,,,,,
B004RBZYN6,"CLINIQUE Dramatically Different Moisturizing Lotion, Travel Size (.5 FL. OZ./15 ml)",lotion,women,11.0,2.6,,6.17,
B000HGMVH2,"Nivea Body Daily Lotion, Essentially Enriched for Very Dry, Rough Skin, 8.4 fl oz (250 ml)",lotion,women,69.0,4.4,,,
B09VQ4YDTX,"Aveeno Daily Moisturizing Body Lotion with Soothing Oat and Rich Emollients to Nourish Dry Skin, Fragrance-Free, 2.5 fl. oz",lotion,women,1.0,1.0,,,
B000P9EO7Q,"St. Ives Fresh Skin Skin Lotion, Apricot, 1 oz",lotion,women,4.0,3.6,,,
B0CC54J2BY,1pc Men'S And Women'S Skin Barrier Make Up Prep Lotion Transparent Nourishing And Moisturising Make Up Barrier 60g Eyelash Gel,lotion,women,,,,,
B0CBTZ8VG9,Help Black Lotion Summer Beach Outdoor Even Help Sun Wheat Bronzer Moisturizing Skin Body Milk Infallible Concealer 01,lotion,women,,,,,
B0CC4LL4WS,Vitamin E Moisturizing Moisturizing Body Lotion 100g Bath Wash,lotion,women,,,,,
B0BP2LKRYN,Happy Heart Travel Size In Winter The Fragrance For Women's Private Places Is Private And The Fragrance For Female Students' White Collar Office Is Peach 10ml Sweet like Candy Lotion,lotion,women,,,,2.33,
B0CKVQR6QX,"First Love And You Perfume Lady Lasting Light Fragrance Student Summer Body Lotion 10ml Suddenly Madame Glamour (D, One Size)",lotion,women,,,,2.46,
B0741LDSS2,Oatmeal Lotion With Skin Relief (227g) 2311386,lotion,women,,,,2.47,
B0741GFSML,Oatmeal Lotion With Cooling Action (227g) 2311393,lotion,women,,,,2.47,
B082P722QX,Triple Lanolin Aloe Vera With Lavender Lotion 2.25 Oz,lotion,women,24.0,3.2,,2.63,
B082P7117J,Softee Cocoa Butter Body Lotion 16 Oz,lotion,women,1.0,5.0,,2.87,
B082G2BNKG,"Everyone for Every Body Nourishing Lotion Travel Size: Vanilla and Lavender, 2 Ounce",lotion,women,69.0,4.3,,6.05,
B07GSC4DT7,"Suave Advanced Therapy Body Lotion, 10 Ounce",lotion,women,802.0,4.7,,9.49,
B006YN9JR2,PROBIOTIC SUPER HYDRATIHG BODY LOTION,lotion,women,,,,6.87,
B004MDJ0AW,"Suave Suave Naturals Mango Mandarin Body Lotion Unisex, 2 Ounce",lotion,women,,,,,
B0CBWD8XGQ,cedarwood & mint body lotion skincare 10 fl oz /296mL,lotion,women,3.0,5.0,,,
B07NSSZYMZ,"HAND IN HAND Bergamot & Crisp Basil Cactus Blossom Mini Body Lotion, 2 FZ",lotion,women,21.0,4.0,,,
B015JP6BLC,IBLA - Lotion - 30 ml,lotion,women,,,,3.0,
B082G1SQMP,"EO, Lotion Everyone Coconut Lemon Impulse, 2 Fl Oz",lotion,women,319.0,4.5,,6.16,
B0C3QVNRDD,Sleeping Moisturizing Moisturizing Mild Soothing Prevention Of Reduce Wrinkles And Scientific Hydration 150ml Firming Body Lotion,lotion,women,,,,,
B00DTI7CIS,Avena Instituto Español Collagen Hand and Body Lotion - 17 Ounce,lotion,women,103.0,4.4,,,
B09V82FHT8,Firming & Tightening Buttock Lotion Buttock Lifting And Tightening Buttock Massage Cream,lotion,women,,,,3.19,
B0C9DR7W36,Tokyo Milk Candle Sexy First Love And You Ball Perfume Lady Lasting Light Fragrance Student Balls Summer Body Lotion 10ml Mens & Perfumes Friday,lotion,women,,,,3.41,
B01J4NEID8,Bliss Kiss Lotion Stick Mini (Single),lotion,women,36.0,4.3,,3.5,
B092RHR9HF,"Elite Models New York Muse by Coty, 2.5 oz Body Lotion for Women",lotion,women,,,,10.77,
B0B4SZFMK3,Antiperspirant 75ML Moisturizing Body Lotion Men's Armpit Body Beauty Tools Spin Brush Replacement Head,lotion,women,,,,3.68,
B07S95Z36W,Wyndmere Stress Relief Lotion 1oz Aromatherapy Lotion with Pure Essential Oils,lotion,women,3.0,5.0,,3.69,
B082P7D21F,"Softee Essential Nutrients Silky Hydrations Revitalizes & Smoothes Skin, Fragrance Free, Lotion 10 Oz",lotion,women,,,,3.96,
B000EGOG46,"Queen Helene Cocoa Butter Hand & Body Lotion, 32 Oz (Packaging May Vary)",lotion,women,4301.0,4.5,,3.98,
B0CC4M4NJF,Camellia Seed Oil Infant And Child Moisturizing Lotion Moisturizing Lotion Body Lotion 120ml Womens Birthday Gift Ideas,lotion,women,,,,,
B07H5T8PWS,"Vaseline Clinical Care Aging Skin Rescue Hand And Body Lotion Tube 6.8oz, pack of 1",lotion,women,95.0,4.3,,3.99,
B01N1USN9T,"Lavender Lotion | Travel 1oz. | Silky, Nourished, & Hydrated Skin | Hypoallergenic, All-Natural, Plant-Derived, Made in USA",lotion,women,,,,3.99,
B01N1UZKR3,"Huckleberry Lotion For Dry Skin | Travel 1oz. | Silky, Nourished, & Hydrated Skin | Hypoallergenic, All-Natural, Plant-Derived, Made in USA",lotion,women,9.0,3.6,,3.99,
B0B8TDK4QY,"Sweet Jasmine Lotion | Travel 1oz. | Silky, Nourishing, & Hydrating Hypoallergenic, All-Natural, Plant-Derived, Made in USA",lotion,women,,,,3.99,
B01MU34P9E,"Buck Naked (Unscented) Lotion For Dry Skin | Travel 1oz. | Silky, Nourished, & Hydrated Skin | Hypoallergenic, All-Natural, Handmade in USA",lotion,women,,,,3.99,
B0B8TG58WQ,"Coconut Cake Lotion | Travel 1oz. | Silky, Nourishing, & Hydrating | Hypoallergenic, All-Natural, Plant-Derived, Made in USA",lotion,women,,,,3.99,
B01N5HW767,"Lemongrass Lotion For Dry Skin | Travel 1oz. | Silky, Nourished, & Hydrated Skin | Hypoallergenic, All-Natural, Plant-Derived, Made in USA",lotion,women,1.0,3.0,,,
B0CSFN35L7,"Fruitacid Brightening Body Lotion, Moisturize And Protects Skin, Brightens Skin Moisturize Fruitacid Body Lotion 50g white",lotion,women,,,,3.99,
B0B8TDZM8S,"Lavender Mint Lotion | Travel 1oz. | Silky, Nourishing, & Hydrating | Hypoallergenic, All-Natural, Plant-Derived, Made in USA",lotion,women,,,,3.99,
B081GG9R96,"Hemp Lotion For Dry Skin | Travel 1oz. | Silky, Nourished, Hydrated Skin | Hypoallergenic, All-Natural, Plant-Derived, Made in USA",lotion,women,,,,3.99,
B009R2TCAG,"Dermarite Industries Dermadaily Lotion, 7.5 oz.",lotion,women,107.0,4.3,,4.0,
B08P4DWJPV,Spa Lotion Fragance Free Body Lotion Unisex 2 oz,lotion,women,17.0,4.1,,4.0,
B003JT8PKQ,"Lubriderm Daily Moisture Lotion + Pro-Ceramide with Shea Butter & Glycerin Helps Moisturize Dry Skin, Hydrating Face, Hand & Body Lotion is Lightly Scented & Non-Greasy, 24 fl. oz",lotion,women,30354.0,4.8,,8.99,
B01HTJTV0E,"Vaseline Intensive Care Body Lotion for Dry Skin Soothing Hydration Lotion Made with Ultra-Hydrating Lipids + 1% Aloe Vera Extract to Refresh Dehydrated Skin 20.3 oz, Pack of 3",lotion,women,3765.0,4.8,,16.99,
B01HTJTV4U,"Vaseline Intensive Care Body Lotion for Dry Skin Cocoa Radiant Lotion Made with Ultra-Hydrating Lipids and Pure Cocoa Butter for a Long-Lasting, Radiant Glow 20.3 oz, Pack of 3",lotion,women,11123.0,4.8,,20.94,
B001459IEE,"Aveeno Daily Moisturizer, Body Lotion, For Dry Skin, Prebiotic Oat Fragrance Free, 18 fl. oz, Pack of 1",lotion,women,46457.0,4.7,,10.29,
B00IOQKKY8,Splatty Orange,lotion,men,91.0,3.5,,0.0,
B00ATOMWD0,Aurora Lite,lotion,men,25.0,3.5,,0.0,
B012XV86Z4,Video Slow Motion Player,lotion,men,288.0,3.2,,0.0,
B01MPZ8C7Z,Skin Whitening Forever,lotion,men,,,,0.0,
B00NHWYZYU,Hairy Back Shaving : The Tattoo Man Bear Hair Razor Shave - Free,lotion,men,11.0,2.5,,0.0,
B000ID3E9S,Cruel Intentions,lotion,men,5490.0,4.6,,,
B00H96Q8ZE,Old Goats,lotion,men,151.0,3.3,,,
B018CC87FM,Lethal Seduction,lotion,men,60.0,3.3,,20153.3,
B0797J5V5V,Beyond Belief: Fact or Fiction,lotion,men,16.0,4.0,,,
B011JDWAAE,Nowitzki: The Perfect Shot,lotion,men,74.0,4.7,,20154.7,
B0B7D9D6GZ,Little Angel - Nursery Rhymes and Songs for Children,lotion,men,,,,,
B0B74PYWVN,Mystery in St Tropez,lotion,men,7.0,3.2,,20213.2,
B08JL57DGS,Fernado - Season 1,lotion,men,20.0,3.8,,,
B01LWT56H0,"The Prize: An Epic Quest for Oil, Money, and Power",lotion,men,177.0,4.6,,19924.6,
B06XXW1MLZ,Live from Lincoln Center: Rodgers and Hammerstein's Carousel,lotion,men,282.0,4.8,,20134.8,
B08NLGRDHZ,Marketing the Messiah,lotion,men,386.0,3.2,,20203.2,
B01613JOS8,Our Town,lotion,men,321.0,4.2,,,
B07GCQD7FR,Await Further Instructions,lotion,men,182.0,3.2,,20183.2,
B07H9GWFVB,Don't Look In The Basement,lotion,men,146.0,4.0,,19734.0,
B07QNT3BKF,Saving Jaws,lotion,men,263.0,4.2,,,
B08CS4LP4K,Gleason,lotion,men,4680.0,4.7,,,
B001J21ARU,The Devil Bat (1940),lotion,men,163.0,4.3,,,
B094644PVW,The Man in the Hat,lotion,men,137.0,4.1,,20214.1,
B09DTJBF7D,The Legend of Valentino,lotion,men,12.0,3.8,,19753.8,
B09B4CSQY8,A Sunburnt Christmas,lotion,men,5.0,4.3,,,
B0CBNT2DBS,Satyaprem Ki Katha,lotion,men,46.0,4.1,,,
B0B73GS8K6,LAUGHING ON THE INSIDE - Season 1,lotion,men,13.0,4.5,,,
B0C9S2LXLQ,Beach Cops,lotion,men,3.0,3.4,,,
B00XLUEMYQ,SEAL the Deal (Alpha SEALs Book 1),lotion,men,4566.0,4.4,,4.99,
B00B2EGMWI,SEAL the Deal (Special Ops: Homefront Book 1),lotion,men,2975.0,4.4,,0.0,
B012HL2SOU,Love Potions (Warlocks MacGregor Book 1),lotion,men,4052.0,4.3,,0.0,
B00A0B6G5M,The Sultan of Monte Cristo: First Sequel to the Count of Monte Cristo,lotion,men,246.0,3.7,,0.0,
B0BK2WGCXX,Origins,lotion,men,,,,0.0,
B08K589DF8,The Eczema Podcast,lotion,men,,,,0.0,
B08JJQ86P3,Rosacea Freedom is Real - Jo Ozden,lotion,men,,,,0.0,
B0B4YJC696,Victoria’s Secret [Clean],lotion,men,35.0,4.9,,4.9,
B07FBDXDY4,Egyptian Musk,lotion,men,54.0,4.6,,4.6,
B00AT7DZEW,Lotion [Explicit],lotion,men,18.0,4.9,,4.9,
B00MO2BO02,Lotion Man,lotion,men,,,,,
B000S3R606,Dynamite's Whack/Man Lotion,lotion,men,,,,3.0,
B0CT42KBJR,"Mini Arabic Crystal Glass Roller Bottles Gold Refillable Oil Roll On Dispenser Empty Travel Perfume Container 1ml Men's Perfumes (Gold, One Size)",lotion,men,,,,,
B0CTGB1KS1,"Firm Enlargement Breast Lift Chest Oil Enlargement Up 10 Chest Massage Oil The Cool Fix Gel Lotion (Multicolor, One Size)",lotion,men,,,,,
B0C3RQT45V,"Pads Ball Of Foot Cushions Soft Gel Forefoot Sleeves Neuroma Feet Forefoot Cushioning Women Men Clear Feet Lotion (Purple, One Size)",lotion,men,,,,,
B0C9SY2K7J,Sand Lotion 4PCS Rope Handles Back Scrubber Bath Shower Mesh Sponge Exfoliating Body Scrub Stretch Braided Loofah for Men and Women Soap Sponge Aloe（a2-White),lotion,men,1.0,5.0,,0.02,
B0CRR9PSL6,"Moisturizing Refreshing Lip Lotion Fruit Colorless Eight Cup Lip Lotion Lipstick 3.8ml Men Stuff under 5 (C, One Size)",lotion,men,,,,,
B0C3RVCJHB,"Pearl Bath Ball Extra Large Mesh Soft Scrubber for Men and Women Exfoliate with Big Gentle Cleanse in Beauty Bathing Accessories Small Lotions Pack (D, One Size)",lotion,men,,,,,
B0CQ4XJR8T,Stainless Steel Natural Purple Stone Woven Adjustable Bracelet Simple Style Friendship Bracelet Men's Floral,lotion,men,,,,0.11,
B0CTCJB1KK,"V Face Firming Creams Firming Contours Lifting Firming Chin Facial Skin Relaxing Massage Creams 30g/1.05fl Oz Lotion for Men (Blue, One Size)",lotion,men,,,,0.21,
B09WTMFCP8,"Suave Essentials Cocoa Shea Calming Bar Soap, 2 count bars, (3 pack)",soap,women,11.0,4.8,,5.99,
B0BTVHL3YM,Soap Flower Realistic Looking Romantic Easy to Use Simulation Rose Flower Women Girl Bath Face Wash Soap Home Decoration,soap,women,,,,0.01,
B0BRMWL6QC,Soap Flower Unique Decorative Simulation Rose Flower Women Girl Bath Face Wash Soap A,soap,women,,,,,
B0BR4PTBH9,Grebest Simulation Soap Flower Multiple Layer Petals Simulation Rose Flower Women Girl Bath Face Wash Soap Create Atmospheres Romantic B,soap,women,,,,,
B0BPCTBQ38,"1 Pack Soap Rose Flower Bouquet, Floral Scented Soap Roses Gift Set For Mother's Day For Her Red 8""",soap,women,,,,,
B0BT4RGCGT,"Soap Rose Flower Bath Soap Rose Flower Petals Soap Flowers Bouquet Scented Soap Roses Gift Box for Women Teen Girls Birthdays, Valentine's Day Gifts Coffee 20cm",soap,women,,,,0.59,
B0B3VKPSLV,"Suave Essentials Ocean Breeze Refreshing Bar Soap, 2 Net WT 3.35 oz Bars, Total WT 6.7 OZ. (3 Pack)",soap,women,4.0,4.1,,7.93,
B000Q6D3MA,"Yardley Oatmeal and Almond Bar Soap, Oatmeal & Almond, 4 Ounce",soap,women,10515.0,4.6,,,
B0BRVD7GCS,"Bath Soap Rose Flower Floral Scented, Bath Soap Rose Flower Petals Body Soap Gift for Valentine's Day Anniversary Birthday, Rich Foam Soap Rose Flower Scented Flowers Soap Home Decor Pink",soap,women,2.0,3.0,,0.99,
B0BSKPJCLK,"Valentine’s Day Floral Soap Rose Flower Petals in 5 Gift Box, Gift for Anniversary/Birthday/Wedding/Valentine Day/Mothers Day",soap,women,,,,,
B0BRVC13PX,"3Pcs Bath Soap Rose Flower Floral Scented, Bath Soap Rose Flower Petals Body Soap Gift for Valentine's Day Anniversary Birthday, Artificial Flower Handmade Simulation Rose for Home Orange",soap,women,,,,0.99,
B0C1GKV23Q,Floral Scented Bath Soap Rose Flower Petals Flower Soap Set in Gift Box for Wedding Birthday Christmas Valentine's Day (K),soap,women,,,,0.99,
B0779CLCS8,"Yardley London English Lavender with Essential Oils Soap Bar, 4.25 oz Bar (Pack of 1)",soap,women,4663.0,4.7,,2.99,
B0BV1H3V7Q,Cleanser Soap Mesh Bags Nylon Soap Mesh Bags Cleanser Soap Mesh Bags Man/Woman,soap,women,,,,1.07,
B071HN7DX1,"Camay Clasico Soap, 4.98 Ounce",soap,women,118.0,4.3,,1.1,
B00028MITG,Chinese B&F Soap Sandalwood 2.65 Ounces,soap,women,34.0,3.6,,5.49,
B0CRHPBM2R,"Hair Care Soap Aluminum Box Refreshing Smooth Shine Fluffy Coconut Oil Soap For Intensive Moisturizing Frizz Control Hair Care Wall Rack Shelf (A, One Size)",soap,women,,,,1.11,
B0CRB17MSQ,"Soap Bar For Face & Body Soap Dark Hyperpigmentation Smooth Skin Cleansing Natural Ordinary Face (A, One Size)",soap,women,,,,1.3,
B015FZP7CU,Soap 100g 100% Natural Product,soap,women,351.0,4.4,,6.12,
B0094JO05Y,Tetmosol Soap 2.88oz,soap,women,91.0,3.9,,5.85,
B0BWRJC6HM,Soap Bag Linen Soap Bag Bar Soap Pouch Man/Woman,soap,women,1.0,4.0,,1.45,
B0CPKFZ3VH,"Ivory Gentle Bar Soap Original Scent 3.17 Oz., 2 Count",soap,women,247.0,4.8,,1.49,
B0CQ6VGG77,"Safeguard Bar Soap Fresh Clean Scent with Aloe Extract, 3.2oz (2 Count)",soap,women,3.0,3.5,,1.49,
B0B4T75WL3,Enzyme Dilute NR Pink Body Whitening Soap Areola Crystal Whitening Other Facial Ice Rollers,soap,women,,,,1.54,
B09MJ8X7V5,Hair Soap Essential Oil Hair Soap Moisturizes Hair Care Plant Cares For Split Ends And Chapped Hair,soap,women,,,,1.59,
B00FW3KFBE,Novelty Soap Nautilus Shell Pink Vegetable Based Soap,soap,women,,,,1.73,
B01GA9AYF0,"THE SOAP WORKS Oatmeal Soap, 110 GR",soap,women,17.0,4.3,,1.74,
B0CSPBKMQR,"Floral Scented Bath Soap Rose Flower Petals Bouquet, Plant Essential Oil Rose Soap Guest Soap Shaped Petals Best Gifts Ideas for Her Women Teens Girls Mom Birthdays Valentine's Day Mother's Day Blue",soap,women,,,,1.74,
B0BN5LDWV2,Rose Bath Body Flower Floral Soap Scented Rose Holding Flowers Essential Wedding Valentine's Day Gift Mix Colors Christmas (Pink),soap,women,2.0,2.4,,,
B0B4T3N3SV,Soap Natural Whitening Buttocks Scented Soap Whitening PeachGlory Whitening Peach Milkypeach Natural Peachglory Soap Soap Advance Night,soap,women,,,,1.83,
B09NDJ8GWB,"3Pcs/Set Soap Flower Multi-Purpose Romantic Lightweight Faux Soap Rose Flower DIY Gift Box for Valentines Day Gifts,Proposal Rose Red",soap,women,,,,,
B0BRVF24CQ,"Bath Soap Rose Flower Floral Scented, Bath Soap Rose Flower Petals Body Soap Gift for Valentine's Day Anniversary Birthday, 3 Heads Rose Bouquet Soap Flower Valentine Day Gift Light Purple",soap,women,,,,1.88,
B0CQLHC5LL,"6 Pcs Floral Scented Bath Soap Rose Flower Petals, Plant Essential Oil Soap Bath Soap Rose Flower Flower Shaped Soap Rose Valentine Essential Oil Gift for Women Girls Birthday Mothers Day",soap,women,,,,1.89,
B01GA9BF6C,"SoapWorks Pine Tar Soap, 110 Grams",soap,women,,,,1.93,
B01GA9AVYO,"THE SOAP WORKS Tea Tree Oil Soap, 110 GR",soap,women,6.0,4.3,,,
B001ESE2FG,"Kirk's Natural Original Coco Castile Soap Fragrance Free, 4 Ounce (Packaging may Vary)",soap,women,1684.0,4.6,,4.78,
B074H5M1FJ,"365 by Whole Foods Market, Soap Bar Translucent Unscented, 4 Ounce",soap,women,341.0,4.5,,3.93,
B0BJXLDW5V,"Floral Scented Bath Soap Rose Flower Petals, 4PCS Plant Essential Oil Rose Soap Set Guest Soap Shaped Petals Best Gifts Ideas for Birthdays Valentine's Day Red",soap,women,,,,1.99,
B07CWZFVW5,"365 by Whole Foods Market, Soap Glycerin Grapefruit, 4 Ounce",soap,women,302.0,4.4,,,
B0BYZH8S5T,kekafu Soap Saver Pouch Bar Soap Bags Exfoliating Soap Net Soap Mesh Bags for Shower Soap Holder Bubble Foam Net Soap Pocket for Women Men Girls,soap,women,,,,1.99,
B004KVD1HY,"Yardley London Moisturizing Bath Soap Bar Shea Cocoa Butter, Helps Soften Dry Skin with Pure Cocoa and Vitamin E, (4.0 oz, 1)",soap,women,18311.0,4.5,,2.0,
B09BRK7ZX7,L'Occitane Travel Set Soap Box,soap,women,,,,,
B0BRMXJZMZ,Immortal Flower Beautiful Decorative Simulation Rose Flower Women Girl Bath Face Wash Soap A,soap,women,,,,2.01,
B0C3R4Q4YR,"Bamboos Handmade Soaps To Dilute The Melanin Deposition In The Underarm Joints Bamboos Soap Body Cleaning Wrinkle Roller for Face (black, One Size)",soap,women,,,,,
B001T8UFPM,"Yardley Bar Soap, English Lavender, 4.25 Ounce (Pack of 2)",soap,women,3490.0,4.6,,2.1,
B01N0YBTI4,Band F Soap Sandalwood - 2 Bars (2x 2.65 Ounces) by Bee & Flower,soap,women,13.0,3.8,,9.99,
B0CRRK2CQB,2pcs Bath Soap Rose Flowers Lover Gift For Girlfriend Boyfriend Valentines Day Wedding Party Guests Bridesmaids Gifts Bath Soap Flowers,soap,women,,,,2.19,
B09XTQVDG2,Face Sponge Organic Ginger Soap Moisturizing Deep Clean Effectively Bath Soap All Natural Ginger Bar Soap For Women Men,soap,women,1.0,1.0,,2.25,
B09WTMFCP8,"Suave Essentials Cocoa Shea Calming Bar Soap, 2 count bars, (3 pack)",soap,men,11.0,4.8,,5.99,
B00R9XPFEC,Dr. S. Wong's Sulfur Soap Scented with Moisturizers 100g Germicide Fungicide Parasiticide,soap,men,82.0,4.1,,11.99,
B0CRJL46G1,"Kojic Soap For Kojic Soap For Dark Soap For Face And Body Hand Soap Bar Face Wash Smooth Skin 100g/3.38OZ Shower Things (Yellow, One Size)",soap,men,,,,0.24,
B01IAFCY7I,Dove White Travel Size Bar Soap With Moisturizing Cream 2.6 Oz,soap,men,23.0,4.2,,,
B0B3VKPSLV,"Suave Essentials Ocean Breeze Refreshing Bar Soap, 2 Net WT 3.35 oz Bars, Total WT 6.7 OZ. (3 Pack)",soap,men,4.0,4.1,,7.93,
B000Q6D3MA,"Yardley Oatmeal and Almond Bar Soap, Oatmeal & Almond, 4 Ounce",soap,men,10515.0,4.6,,,
B0BSKPJCLK,"Valentine’s Day Floral Soap Rose Flower Petals in 5 Gift Box, Gift for Anniversary/Birthday/Wedding/Valentine Day/Mothers Day",soap,men,,,,,
B0BRVC13PX,"3Pcs Bath Soap Rose Flower Floral Scented, Bath Soap Rose Flower Petals Body Soap Gift for Valentine's Day Anniversary Birthday, Artificial Flower Handmade Simulation Rose for Home Orange",soap,men,,,,0.99,
B0BRVCQG6F,"Bath Soap Rose Flower Floral Scented, Bath Soap Rose Flower Petals Body Soap Gift for Valentine's Day Anniversary Birthday, Handmade Artificial Flower Soap Simulation Rose for Home 12",soap,men,,,,0.99,
B0BRVCHBX9,"Bath Soap Rose Flower Floral Scented, Bath Soap Rose Flower Petals Body Soap Gift for Valentine's Day Anniversary Birthday, Artificial Flower Romantic Soap Rose Flower Wedding Bouquet Decor P",soap,men,,,,0.99,
B0779CLCS8,"Yardley London English Lavender with Essential Oils Soap Bar, 4.25 oz Bar (Pack of 1)",soap,men,4663.0,4.7,,2.99,
B0CC9DFX6H,Gulong Perfume Soap Men's Soap Bath Bath Oil Control Wash Face Shaving Soap Hand Made Oil Soap Lotion Applicator for Feet,soap,men,,,,,
B0BV1H3V7Q,Cleanser Soap Mesh Bags Nylon Soap Mesh Bags Cleanser Soap Mesh Bags Man/Woman,soap,men,,,,1.07,
B071HN7DX1,"Camay Clasico Soap, 4.98 Ounce",soap,men,118.0,4.3,,1.1,
B00028MITG,Chinese B&F Soap Sandalwood 2.65 Ounces,soap,men,34.0,3.6,,5.49,
B0CRHPBM2R,"Hair Care Soap Aluminum Box Refreshing Smooth Shine Fluffy Coconut Oil Soap For Intensive Moisturizing Frizz Control Hair Care Wall Rack Shelf (A, One Size)",soap,men,,,,1.11,
B0C499JQ6F,Gulong Perfume Soap Men's Soap Bath Bath Oil Control Wash Face Shaving Soap Hand Made Oil Soap Motion Lotion,soap,men,,,,,
B0CRB17MSQ,"Soap Bar For Face & Body Soap Dark Hyperpigmentation Smooth Skin Cleansing Natural Ordinary Face (A, One Size)",soap,men,,,,1.3,
B015FZP7CU,Soap 100g 100% Natural Product,soap,men,351.0,4.4,,6.12,
B0CC56FQJC,Peach Pink Soaps Natural Soap Melanin Lightenings Buttock Care Scrub Soap Deep Cleansing Bath Soaps Body Cleansing Soap Skin Brightening,soap,men,,,,,
B0BRVBBGQ4,"6Pcs Bath Soap Rose Flower Floral Scented, Bath Soap Rose Flower Petals Body Soap Gift for Valentine's Day Anniversary Birthday, Carved Artificial Flower Handmade Simulation Rose for Home Pink",soap,men,,,,1.39,
B0BWRJC6HM,Soap Bag Linen Soap Bag Bar Soap Pouch Man/Woman,soap,men,1.0,4.0,,1.45,
B0CC57W8RN,4 Paper Soap Hand Hygiene BoxesTravel Soap Outdoor Disposable Mini Toilet Personal Skin Care Vintners Daughter,soap,men,,,,,
B005F5JXVC,"Murray & Lanman Pacholi, scented soap, 3.3 oz (95 gr)",soap,men,152.0,3.9,,5.49,
B0CPKFZ3VH,"Ivory Gentle Bar Soap Original Scent 3.17 Oz., 2 Count",soap,men,247.0,4.8,,1.49,
B0CQ6VGG77,"Safeguard Bar Soap Fresh Clean Scent with Aloe Extract, 3.2oz (2 Count)",soap,men,3.0,3.5,,1.49,
B0C3LH2GHK,"Daily Use Soap Handmade Care Clean And Clear Soap Refreshing Itch Face Facial Cleaning Whole Body Personal Skin Care Mens Facial Toner (Mint Green, One Size)",soap,men,,,,,
B09MJ8X7V5,Hair Soap Essential Oil Hair Soap Moisturizes Hair Care Plant Cares For Split Ends And Chapped Hair,soap,men,,,,1.59,
B0CC1WFRGN,Hygiene Soap Disposable Paper BoxesTravel Soap Hand Outdoor Toilet 4 Mini Personal Skin Care Hard Gel,soap,men,,,,,
B0CBTRFFF6,Bamboos Handmade Soaps To Dilute The Melanin Deposition In The Underarm Joints Bamboos Soap Body Cleaning Discoloration Correcting,soap,men,,,,,
B0BRVCNGHZ,"Bath Soap Rose Flower Floral Scented, Bath Soap Rose Flower Petals Body Soap Gift for Valentine's Day Anniversary Birthday, Soap Flower Gift Box Romantic Heart Soap Rose Bouquet 15",soap,men,,,,1.72,
B01F1BGGT6,"THE SOAP WORKS Pumice, 90 GR",soap,men,28.0,3.5,,6.49,
B0B4T3N3SV,Soap Natural Whitening Buttocks Scented Soap Whitening PeachGlory Whitening Peach Milkypeach Natural Peachglory Soap Soap Advance Night,soap,men,,,,1.83,
B0BRVD77W4,"Bath Soap Rose Flower Floral Scented, Bath Soap Rose Flower Petals Body Soap Gift for Valentine's Day Anniversary Birthday, 3 Heads Rose Bouquet Soap Flower Valentine Day Gift Red",soap,men,,,,1.88,
B0CBTHKJ9N,Shower Soap Gently Cleanses The Skin Reduces Marks Replenishes Water Controls Oil Whitens And Does Not Stick To Greasy Soap 100g Pore Vacuum,soap,men,,,,,
B01EN3OLYA,Soap Works Emu Oil Soap Bar 110G One Bar,soap,men,400.0,4.1,,7.29,
B01GA9BF6C,"SoapWorks Pine Tar Soap, 110 Grams",soap,men,,,,1.93,
B01GA9AVYO,"THE SOAP WORKS Tea Tree Oil Soap, 110 GR",soap,men,6.0,4.3,,,
B01GA9B33W,"THE SOAP WORKS Olive Oil Soap, 110 GR",soap,men,,,,1.93,
B0C4YD5HTQ,Mens Face Moisturizer Daily Use Soap Handmade Care Clean And Clear Soap Refreshing Itch Face Facial Cleaning Whole Body Personal Skin Care,soap,men,,,,,
B001ESE2FG,"Kirk's Natural Original Coco Castile Soap Fragrance Free, 4 Ounce (Packaging may Vary)",soap,men,1684.0,4.6,,4.78,
B074H5M1FJ,"365 by Whole Foods Market, Soap Bar Translucent Unscented, 4 Ounce",soap,men,341.0,4.5,,3.93,
B0BYZH8S5T,kekafu Soap Saver Pouch Bar Soap Bags Exfoliating Soap Net Soap Mesh Bags for Shower Soap Holder Bubble Foam Net Soap Pocket for Women Men Girls,soap,men,,,,1.99,
B004KVD1HY,"Yardley London Moisturizing Bath Soap Bar Shea Cocoa Butter, Helps Soften Dry Skin with Pure Cocoa and Vitamin E, (4.0 oz, 1)",soap,men,18311.0,4.5,,2.0,
B09BRK7ZX7,L'Occitane Travel Set Soap Box,soap,men,,,,,
B0CG54NF3R,Keep Pounding! Soap Bar,soap,men,,,,,
B0C3R4Q4YR,"Bamboos Handmade Soaps To Dilute The Melanin Deposition In The Underarm Joints Bamboos Soap Body Cleaning Wrinkle Roller for Face (black, One Size)",soap,men,,,,,
B0BB7HXG1P,"Herbal Rice Milk Soap Collagen Moisturizing, Herbal Natural Milk Soap, Even Skin Tone and Moisturizing, Reduce Acne Scar, Wrinkles, Dullness or Erythema (B, One Size)",soap,men,,,,2.09,
B01APLVA34,"SoCozy Curl Conditioner | For Kids Hair | Softens, Restores Bounce and Shine | No Parabens, Sulfates, Synthetic Colors or Dyes, Sweet-Crème, 10.5 Fl Oz",conditioner,women,6597.0,4.5,,7.51,
B0C3RSBQY9,"Hair accessoriesEnvironmentally Friendly PlasticTidy up hairSuitable For All Kinds HairstylesPComfortably Deep Conditioner (A, One Size)",conditioner,women,,,,,
B0CS9PVJT5,"Hair Liquid Kit Foam Type For Stronger Thicker Healthier Hair Daily Hair Care Liquid For Men And Women 60ml Leave in Conditioner for Fine Hair (Blue, One Size)",conditioner,women,,,,0.83,
B0C5DTTG68,"Sizes Hair Styling Ring Style Dispenser Buns Head Tool Hair Ring Love Conditioner Curly (CO2, One Size)",conditioner,women,,,,,
B00IGGXFSY,"Alberto VO5 Herbal Escapes Kiwi Lime Squeeze Clarifying Conditioner, 12.5 Ounce",conditioner,women,167.0,4.3,,6.14,
B00UOUKQ3M,"Dynarex Body Wash and Conditioner, 8 Ounce",conditioner,women,52.0,3.8,,7.26,
B0CC99TG3C,Hair MatteStyling Hair Powder Oil Powder Phaping Control Powder Hair Care Leave in Conditioner for Women,conditioner,women,,,,,
B0CC97WDV6,Rice Water Hair Growth Men And Women Hair Care Oil To Reduce Hair Loss Sparse Hair Smooth Frizz Dry Split Ends Curly Hair Soft Refreshing 30ml Skin Conditioner,conditioner,women,,,,,
B00J1Q09ZK,Create The Look by Toni & Guy For Women Damage Repair Conditioner 1.7oz,conditioner,women,46.0,3.3,,,
B08TXSM3S5,"Suave Professionals Hair Conditioner Leave In Styling Butter for Natural Hair Castor Oil & Mango Butter No Parabens, No Dyes, Moisture Rich, Color Safe 13.5 oz",conditioner,women,30.0,3.7,,8.05,
B094DRJZRY,Aussie 3 Minute Miracle Waves Deep Conditioner 8 Ounce (236ml),conditioner,women,101.0,4.3,,8.19,
B00T1GIBYG,"Softee Hair and Scalp Conditioner Argan Oil, 3 Ounce",conditioner,women,188.0,4.5,,6.56,
B0CTJ4RLDB,"Black Seed Oil Care To Improve Dry Hairy Nourish Damaged Hair And Hair Loss Care 60ml Perfect 10 Leave in Conditioner (Black, One Size)",conditioner,women,,,,,
B00CTGO6XA,Aussie 3 Minute Miracle Moist Deeeeep Conditioner 8 oz.,conditioner,women,1136.0,4.6,,,
B0CC99W27C,Hair Deep Conditioner For Dry Damaged And Color Treated Hair Conditioning For Curly Or Straight Thin Fine Hair Deep Conditioner for Bleached Hair,conditioner,women,,,,,
B07KRQ8SJB,"Aussie Miracle Volume with Plum & Bamboo, Paraben Free Conditioner, 26.2 fl oz",conditioner,women,637.0,4.6,,,
B0CC98VJQ9,Hair Deep Conditioner For Dry Damaged And Color Treated Hair Conditioning For Curly Or Straight Thin Fine Hair Leave in Conditioner Curly Hair,conditioner,women,,,,,
B00M59FVJ4,"Hair Care Fructis Sleek & Shine Conditioner, 3 Fluid Ounce",conditioner,women,78.0,3.8,,,
B005GW4Z6M,"Blue Magic Argan Oil Mango/Lime Leave In Conditioner, 13.75 Ounce for 1 PACK.",conditioner,women,277.0,4.2,,7.94,
B0BLNWV1S5,infuse my. colour Gold Conditioner Unisex 15 ml,conditioner,women,,,,2.5,
B0CK2KH2K4,"Bath CapWaterproof MaterialWaterproof MulticolorEasy To Use Womens Conditioner for Oily Hair (Green, One Size)",conditioner,women,,,,2.54,
B000RPYTSM,"V05 Conditioner Moisture Milks Strawberries & Cream, 15 oz",conditioner,women,22.0,4.0,,,
B00U0B9IB6,Infusium 23 Revitalizing Conditioner - Moisturizing for Normal to Dry Hair - 2 Fl. Oz. /57g(2 Count),conditioner,women,16.0,3.6,,6.99,
B09RM3SPD6,"As I Am Hemp Seed Oil Leave-In Conditioner Bar - 3.15 ounce - with Calendula, Betaine, & Ceramide - Cruelty Free & Vegan",conditioner,women,59.0,3.7,,7.99,
B00O82EGFG,"OKAY - Black Jamaican Castor Oil Leave-In Conditioner - All Hair Types/Textures - Repair, Moisturize, Grow Healthy Hair - with Argan Oil, Shea Butter - Free of Parabens, Silicones, Sulfates - 1.5 oz",conditioner,women,663.0,4.6,,2.83,
B000RYLGEI,"Blue Magic Conditioner, Hair & Scalp, Bergamot, 12 Oz",conditioner,women,1523.0,4.6,,,
B006RHI1BK,"Andalou Naturals Argan Stem Cell Age Defying Conditioner, 11.5 Ounce",conditioner,women,1209.0,4.2,,8.73,
B002ABQJC0,Blue Magic Coconut Oil Hair Conditioner 12 Oz (Pack of 1),conditioner,women,916.0,4.6,,,
B0C7XQP5V5,"Cocoa & Shea Butter Leave In Conditioner & Style Creme, Travel Packet (1.7 oz)",conditioner,women,1.0,5.0,,2.99,
B00B7ZY0D0,"Giovanni Cosmetics 2Chic Conditioner Avocado & Olive Oil, 1.5 Ounce",conditioner,women,17.0,3.9,,5.89,
B000Q5Y1LS,"Giovanni Hair Care Products Conditioner Tea Tree Triple Treat, 2 Fluid Ounce",conditioner,women,39.0,3.8,,5.47,
B00AF9D4JK,L'Oreal Total Repair 5 Restoring Conditioner 12.6 FL OZ,conditioner,women,49.0,3.8,,,
B01BDUNDR2,"Malibu C ILLUMIN8 Shine Conditioner - Concentrate for Hair Shine & Manageability - Lightweight, Non-Greasy Hair Conditioner for All Hair Types",conditioner,women,1.0,5.0,,3.0,
B0C5W99LJR,"Fermented Rice Water Organic Rice Water For Hair Growth Fermented Rice Water Hair For Hair Growth And Thickening Help Damaged Hair 30ml Womens Conditioner for Color Treated Hair (White, One Size)",conditioner,women,,,,3.24,
B0062YU670,"OGX Nourishing + Coconut Milk Conditioner, 3 Ounce Trial Size",conditioner,women,156.0,4.4,,3.29,
B01BIRIQMW,"Himalaya Damage Repair Protein Conditioner, to Deep Condition and Repair Hair, 6.76 Fl Oz (200ml)",conditioner,women,203.0,4.3,,3.41,
B0B8H5XNY7,"Shower CapWaterproof MaterialReusable Protect Hairstyle Portable Silicone Conditioner (Watermelon Red, One Size)",conditioner,women,,,,3.43,
B01N1IF4F3,"Fructis Color Shield Anti-Fade Conditioner for Color Treated Hair, 12 Fl Oz, 1 Count (Packaging May Vary)",conditioner,women,2872.0,4.6,,3.47,
B001KYRZRQ,Cantu Shea Butter Moisturizing Rinse Out Conditioner - 13.5 Fl Oz,conditioner,women,194.0,4.1,,8.9,
B08TLLF1N8,Dove Hair Therapy Conditioner for Damaged Hair Breakage Remedy Hair Conditioner with Nutrient-Lock Serum 13.5 fl oz,conditioner,women,1040.0,4.5,,,
B003ZCOHPO,"Africa's Best Rinse Out and Leave in Deep Conditioner, 12 Ounce (CH110612)",conditioner,women,167.0,4.3,,7.25,
B00X9J6ZLM,"Leave-in Conditioner Spray, 2 Fluid Ounce",conditioner,women,,,,3.49,
B005VMV5XI,TRESemme Moisture Rich Conditioner 3 oz (Pack of 3),conditioner,women,2.0,3.8,,,
B01MQERKSB,"Pantene Gold Series Sulfate-Free Moisture Boost Conditioner Infused with Argan Oil for Curly, Coily Hair, 8.4 fl oz",conditioner,women,16.0,3.8,,,
B0BRR93YW7,"Hair Deep Conditioner For Dry Damaged And Color Treated Hair Conditioning For Curly Or Straight Thin Fine Hair Whole Blends Leave in Conditioner (A, One Size)",conditioner,women,,,,3.62,
B003JN0Y74,"ion Color Defense Intense Moisture Conditioner Packette, Vegan, Paraben free, Sulfate Free, Protects, Hydrates, Color Safe",conditioner,women,860.0,4.5,,,
B01N78BZ05,"Hair Care Fructis Grow Strong Conditioner, 12 Fluid Ounce",conditioner,women,11552.0,4.6,,3.47,
B003HTN6P2,Tresemme Conditioner Moisture Rich 3 oz.,conditioner,women,17.0,4.2,,,
B0BCH2XZJK,"L’Oréal Paris Elvive Hyaluron Plump Hydrating Conditioner for Dehydrated, Dry Hair Infused with Hyaluronic Acid Care Complex, Paraben-Free, 26.5 Fl Oz",conditioner,women,400.0,4.7,,8.48,
B0BCR3DNM5,"L’Oréal Paris Elvive Hyaluron Plump Hydrating Conditioner for Dehydrated, Dry Hair Infused with Hyaluronic Acid Care Complex, Paraben-Free, 12.6 Fl Oz",conditioner,women,1792.0,4.5,,4.49,
B08BTKN3P9,TRESemmé Conditioner Moisture Rich 3 Count for Dry Hair Professional Quality Salon-Healthy Look and Shine Moisture Rich Formulated with Vitamin E and Biotin 28 oz,conditioner,women,16119.0,4.7,,19.47,
B08SSCQH77,"Redken All Soft Conditioner | Deeply Conditions and Hydrates | Softens, Smooths, and Adds Shine | Safe for Color-Treated Hair | Nourishing Shampoo for Dry Hair | With Argan Oil",conditioner,women,17952.0,4.7,,26.0,
B0CS9PVJT5,"Hair Liquid Kit Foam Type For Stronger Thicker Healthier Hair Daily Hair Care Liquid For Men And Women 60ml Leave in Conditioner for Fine Hair (Blue, One Size)",conditioner,men,,,,0.83,
B00B4RKB3E,Curly Medium Conditioner 210ml/7oz,conditioner,men,1.0,2.0,,0.99,
B0C5DTTG68,"Sizes Hair Styling Ring Style Dispenser Buns Head Tool Hair Ring Love Conditioner Curly (CO2, One Size)",conditioner,men,,,,,
B00IGGXFSY,"Alberto VO5 Herbal Escapes Kiwi Lime Squeeze Clarifying Conditioner, 12.5 Ounce",conditioner,men,167.0,4.3,,5.0,
B00UOUKQ3M,"Dynarex Body Wash and Conditioner, 8 Ounce",conditioner,men,52.0,3.8,,7.26,
B0CC97WDV6,Rice Water Hair Growth Men And Women Hair Care Oil To Reduce Hair Loss Sparse Hair Smooth Frizz Dry Split Ends Curly Hair Soft Refreshing 30ml Skin Conditioner,conditioner,men,,,,,
B08TXSM3S5,"Suave Professionals Hair Conditioner Leave In Styling Butter for Natural Hair Castor Oil & Mango Butter No Parabens, No Dyes, Moisture Rich, Color Safe 13.5 oz",conditioner,men,30.0,3.7,,8.05,
B00T1GIBYG,"Softee Hair and Scalp Conditioner Argan Oil, 3 Ounce",conditioner,men,188.0,4.5,,6.56,
B00M59FVJ4,"Hair Care Fructis Sleek & Shine Conditioner, 3 Fluid Ounce",conditioner,men,78.0,3.8,,,
B00U0B9IB6,Infusium 23 Revitalizing Conditioner - Moisturizing for Normal to Dry Hair - 2 Fl. Oz. /57g(2 Count),conditioner,men,16.0,3.6,,6.99,
B09RM3SPD6,"As I Am Hemp Seed Oil Leave-In Conditioner Bar - 3.15 ounce - with Calendula, Betaine, & Ceramide - Cruelty Free & Vegan",conditioner,men,59.0,3.7,,7.99,
B00O82EGFG,"OKAY - Black Jamaican Castor Oil Leave-In Conditioner - All Hair Types/Textures - Repair, Moisturize, Grow Healthy Hair - with Argan Oil, Shea Butter - Free of Parabens, Silicones, Sulfates - 1.5 oz",conditioner,men,663.0,4.6,,2.83,
B0CBTGZN8Y,Leave In Conditioner To Improve Frizz Moist Non Sticky Hair Soft Shine Gift For Girls Wrinkle Paste,conditioner,men,,,,,
B000RYLGEI,"Blue Magic Conditioner, Hair & Scalp, Bergamot, 12 Oz",conditioner,men,1523.0,4.6,,,
B006RHI1BK,"Andalou Naturals Argan Stem Cell Age Defying Conditioner, 11.5 Ounce",conditioner,men,1209.0,4.2,,8.73,
B002ABQJC0,Blue Magic Coconut Oil Hair Conditioner 12 Oz (Pack of 1),conditioner,men,916.0,4.6,,,
B0C7XQP5V5,"Cocoa & Shea Butter Leave In Conditioner & Style Creme, Travel Packet (1.7 oz)",conditioner,men,1.0,5.0,,2.99,
B071VK9P7N,"CANTU Shea Butter Sulfate-free Hydrating Cream Conditioner, 3 Fl Oz, 3 Oz",conditioner,men,33.0,4.4,,,
B000Q5Y1LS,"Giovanni Hair Care Products Conditioner Tea Tree Triple Treat, 2 Fluid Ounce",conditioner,men,39.0,3.8,,5.47,
B00WTCPTDA,"Bronner Brothers Super Gro Bounce & Flow Intense Conditioner, 1.75 Ounce",conditioner,men,48.0,4.5,,6.59,
B07V5H7K3J,"Softee Softee castor oil hair & scalp conditioner 3 ounce, White, 3 Ounce",conditioner,men,37.0,3.9,,7.97,
B0062YU670,"OGX Nourishing + Coconut Milk Conditioner, 3 Ounce Trial Size",conditioner,men,156.0,4.4,,3.29,
B01BIRIQMW,"Himalaya Damage Repair Protein Conditioner, to Deep Condition and Repair Hair, 6.76 Fl Oz (200ml)",conditioner,men,203.0,4.3,,3.41,
B01N1IF4F3,"Fructis Color Shield Anti-Fade Conditioner for Color Treated Hair, 12 Fl Oz, 1 Count (Packaging May Vary)",conditioner,men,2872.0,4.6,,3.47,
B001KYRZRQ,Cantu Shea Butter Moisturizing Rinse Out Conditioner - 13.5 Fl Oz,conditioner,men,194.0,4.1,,8.9,
B08TLLF1N8,Dove Hair Therapy Conditioner for Damaged Hair Breakage Remedy Hair Conditioner with Nutrient-Lock Serum 13.5 fl oz,conditioner,men,1040.0,4.5,,,
B003ZCOHPO,"Africa's Best Rinse Out and Leave in Deep Conditioner, 12 Ounce (CH110612)",conditioner,men,167.0,4.3,,7.25,
B005VMV5XI,TRESemme Moisture Rich Conditioner 3 oz (Pack of 3),conditioner,men,2.0,3.8,,,
B00AGLQAQG,Biofresh Rose of Bulgaria Hair Conditioner with Natural Rose Water 11 fl oz/330 ml,conditioner,men,1.0,5.0,,16.88,
B003HTN6P2,Tresemme Conditioner Moisture Rich 3 oz.,conditioner,men,17.0,4.2,,,
B00CLSIBUU,Gliss Kur Ultimate Repair Express Regenerating Conditioner Spray 6.76 fl oz,conditioner,men,174.0,4.5,,9.98,
B079DF8Q2Y,Aussie Conditioner Miracle Curls 12.1 Ounce (360ml),conditioner,men,169.0,4.5,,,
B000C19AZ8,Mane 'n Tail Moisturizer Texturizer Conditioner for Thicker healthier Looking Hair & Coats 12 oz (543226),conditioner,men,364.0,4.4,,8.99,
B00IGGX462,VO5 Conditioner Silky Experience Island Coconut 12.5 Oz (Packaging May Vary),conditioner,men,72.0,4.3,,3.99,
B0BVGQBTBF,"Dove Conditioner Argan Oil & Damage Repair 1 for Damaged Hair 92% Natural Origin, Paraben Free Conditioner 12 oz",conditioner,men,1.0,4.0,,3.99,
B0722X7RHN,"Attitude, Super Leaves Science, Natural Conditioner, Nourishing & Strengthening, Grape Seed Oil & Olive Leaves, 8 oz (240 ml)",conditioner,men,11.0,4.7,,13.98,
B07Q1JTB1K,"Purezero Biotin Conditioner - 12 Fl Ounces - Anti Thinning Formula - Volumizing, Thicker, Fuller Hair - Zero Sulfates, Parabens, Dyes, Gluten - 100% Vegan & Cruelty Free - Great for Color Treated Hair",conditioner,men,312.0,4.4,,,
B06Y1DV8YZ,TRESemme Moisture Rich Conditioner 3 oz (2 Pack),conditioner,men,13.0,4.8,,,
B08SCVYZD2,"TWIST Primed & Co 2-in-1 Conditioner & Primer, 8.45 ounces",conditioner,men,328.0,4.3,,4.15,
B0CTKXTHYM,"Oil Hair Care Repairing Dry Hairy Nourishing Gentle and Anti Dropping Care 60ml Leave in Conditioner for Women (Green, One Size)",conditioner,men,,,,4.19,
B000EGIF4S,"Palmer's Coconut Oil Formula Moisture Gro Hairdress Hair Cream, Restorative Leave In Conditioner to Minimize Breakage and Add Shine, 5.25 Ounce Jar",conditioner,men,5734.0,4.6,,4.27,
B01MQCH4ZE,"Fructis Sleek and Shine Conditioner, Frizzy, Dry, Unmanageable Hair, 12 fl; oz.",conditioner,men,2144.0,4.7,,,
B0BCR3DNM5,"L’Oréal Paris Elvive Hyaluron Plump Hydrating Conditioner for Dehydrated, Dry Hair Infused with Hyaluronic Acid Care Complex, Paraben-Free, 12.6 Fl Oz",conditioner,men,1792.0,4.5,,4.49,
B07W12XL46,"Macadamia Professional Daily Deep Conditioner - Essential Repair - Color-Safe, Cruelty-Free and 100% Vegan, Sheer Pecan",conditioner,men,54.0,4.0,,4.5,
B09HHHH8B3,"Amazon Basics Moisture Rich Conditioner, 28 Fluid Ounce",conditioner,men,2205.0,4.2,,4.54,
B000YJY4HM,Unilever Dove Nutritive Solutions Conditioner Intensive Repair 12 oz,conditioner,men,50.0,4.4,,,
B0C9WX36LT,"Beard Wash & Conditioner - Sandalwood Scented - 1 Wash, 1 Conditioner 1fl oz (30ml)",conditioner,men,,,,4.65,
B001CXD1AA,ORS Olive Oil Strengthen & Nourish Replenishing Conditioner,conditioner,men,1184.0,4.6,,9.99,
B0040VPKAU,"Trojan Her Pleasure Sensations Spermicidal Lubricated Condoms, 12ct",condoms,women,2713.0,4.5,,2.18,
B00FINQUZI,"Bareskin Lubricated Condoms, 3 Count-(Pack of 1)",condoms,women,295.0,4.3,,,
B09YKCMRT3,"Roman Condoms | Ultra-Thin, Lubricated Condoms Made with 100% Natural Rubber Latex, FDA-Cleared, Electronically Tested for Safety and Reliability, Non-Spermicidal | 3-Pack",condoms,women,91.0,4.3,,3.98,
B000BDC5U4,"TROJAN Her Pleasure Sensations Lubricated Condom, 3 Count",condoms,women,108.0,4.5,,4.81,
B005LOQQZ8,Forum Novelties 04936 Enormex Novelty Condom,condoms,women,66.0,3.9,,9.99,
B00WK21KZA,"Fantasy Flavored Condoms Pack 12 Condoms : variety of flavors such as VANILLA, STRAWBERRY, MINT, GRAPE, CHOCOLATE, and BANANA. [The Random Fun That You Will Not Know Until You Have Used.]",condoms,women,746.0,4.1,,5.1,
B002A6JC88,Trojan - Her Pleasure Condoms,condoms,women,34.0,4.3,,5.18,
B07GL3D5YD,Atlas Ultra Thin Condoms (Pack of 12),condoms,women,60.0,4.1,,5.29,
B00R3UKU6O,Trojan Studded Bareskin Lubricated Condoms - 10 Count,condoms,women,2637.0,4.5,,5.35,
B07ZQ8JCN3,Trojan G. Spot Premium Lubricated Condoms - 10 Count,condoms,women,8103.0,4.3,,5.4,
B00AKHE70M,"LifeStyles Styles Sensitive Variety Pack Condoms, 3 Count",condoms,women,4.0,4.5,,5.49,
B00A5HHH9U,Trojan Ultra Thin Lubricated Condoms 3 Pack,condoms,women,7.0,4.3,,,
B000GGPK1M,Trojan Ribbed Size 3s Trojan Ultra-Ribbed Lubricated Latex Condoms 3ct,condoms,women,14.0,3.8,,5.89,
B07ZZCXGG1,"Shibari Male Condoms, Premium Lubricated Natural Rubber Latex Condom for Contraception and STI Protection, Ultra-Thin, Strawberry Scented, 12 Count",condoms,women,2988.0,4.3,,5.62,
B09KHMKRB5,"Maxim Ultra Strength Premium Lubricated Condoms, Enhanced Durability & Protection, Natural Premium Quality Latex, Vegan-Friendly, (3 Pack)",condoms,women,13.0,4.3,,5.6,
B003O1U688,"Kimono MicroThin Ribbed + Sensi-Dots | Textured Lubricated Condoms for Her | 5X Tested, Stronger, Reliable | Form-Fitting Shape | Made with Premium Natural Latex | 3 Count",condoms,women,215.0,4.1,,5.69,
B008N3EWIM,"Durex Extra Sensitive Lubricated Ultra Thin Premium Condoms, Regular Fit, 12 Count",condoms,women,168.0,4.4,,5.78,
B00014UJME,Condoms 24 Pack,condoms,women,2929.0,4.3,,5.98,
B002M6YQ6E,"Trojan Condom Sensitivity Ultra Thin Spermicidal, 3 Count",condoms,women,36.0,4.3,,5.99,
B00014UH6C,Lifestyles Assorted Flavors and Colors Condoms 12 Pack,condoms,women,154.0,4.3,,6.01,
B00C33QDW6,"Lifestyles Snugger Fit Condoms. 25 Pieces. Latex, Lubricated",condoms,women,6053.0,4.4,,6.25,
B078YFYRQD,Trojan Her Pleasure Sensations Lubricated Premium Latex Condoms - 3ct,condoms,women,11.0,4.1,,6.27,
B00BGM23HO,"20003 Crown Condoms, Box of 3",condoms,women,,,,6.64,
B01378AA4W,"Durex Invisible Ultra Thin & Ultra Sensitive Premium Condoms, 3 Count",condoms,women,388.0,4.3,,6.96,
B01N5E02KG,"Trojan Magnum Bareskin Male Condoms, 3 Count by Trojan",condoms,women,177.0,4.6,,6.95,
B004TTXA3W,"SKYN Polyisoprene Large Condoms, Natural, 12 Count",condoms,women,4204.0,4.7,,6.99,
B004N731ZM,"SKYN Non-Latex Lubricated Condoms, 12 Count",condoms,women,7097.0,4.5,,6.99,
B08Y5ZQS5Y,SKYN Excitation – 12 Count – Lubricated Latex-Free Condoms,condoms,women,1932.0,4.5,,7.24,
B016088FZM,"Trojan Ultra Ribbed Lubricated Latex Condoms, 3Ct Pack of 1",condoms,women,22.0,4.1,,7.71,
B00OV7UBAW,"Lifestyles Luscious Flavors Assorted Variety Lubricated Latex Condoms [Variety to Your Love Life with Sensuous Vanilla, Tropical Banana and Wild Strawberry Flavored Condoms] - Pack of 24",condoms,women,298.0,4.1,,7.49,
B00014UHFI,Lifestyles Tuxedo Condoms 24 Pack,condoms,women,121.0,4.2,,8.94,
B0040Y2AF0,"TROJAN Ultra Ribbed Premium Lubricated Condoms, 12 Count",condoms,women,1590.0,4.5,,7.17,
B0040VNUD4,Trojan Magnum XL Large Size Lubricated Condoms - 12 Count,condoms,women,21917.0,4.8,,7.69,
B07YFMHW6T,NottyBoy Condoms for Men - 10 Count,condoms,women,44.0,3.5,,7.7,
B00198YBFM,ONE Super Studs Condoms (Formerly 576 Sensations) 12 Pack,condoms,women,428.0,4.3,,7.8,
B009SMY7WI,"Trojan Condom Sensitivity Ultra Thin Spermicidal, 12 Count",condoms,women,26307.0,4.6,,7.98,
B00014UH26,Lifestyles Assorted Colors Condoms 24 Pack,condoms,women,131.0,4.3,,7.92,
B000YFI6I4,Trojan Supra Ultra-thin Polyurethane Condoms - Box Of 3,condoms,women,20.0,3.3,,7.95,
B0C86PYVDH,"Studded Intimacy, Studded Sensations Premium Lubricated Condoms - 12 Count",condoms,women,114.0,4.4,,7.97,
B004WDRCTI,"TROJAN EXTENDED PLEASURE Climax Control Extended Pleasure Condoms, 12 Count",condoms,women,10061.0,4.4,,7.98,
B00477OXKA,Trojan Pleasure Variety Pack Lubricated Condoms - 12 Count,condoms,women,17165.0,4.6,,7.98,
B00R3UKU64,Trojan Magnum Bareskin Large Size Condoms - 10 Count,condoms,women,17923.0,4.7,,7.98,
B005QH410M,"TROJAN Stimulations Ultra Ribbed Spermicidal Condoms, 12 Count",condoms,women,2221.0,4.5,,7.98,
B074NCB8LD,Trojan Pleasure Variety Pack Lubricated Condoms - 12 Count,condoms,women,519.0,4.4,,7.98,
B07G8P1841,Trustex Flavor Condoms Asst Case,condoms,women,10.0,2.1,,7.98,
B0BDQY1KR8,Glow in The Dark Condoms - 3 Pack - Night Light-,condoms,women,30.0,4.2,,7.99,
B0001Q6E5I,"ONE Pleasure Plus Condoms | Dual Stimulation | Ultra Thin Latex Condoms | Extra Lubricated | Triple Tested | Nontoxic, Vegan, Non-GMO | 12 Pack",condoms,women,39.0,4.0,,7.99,
B0BNBVG2TJ,"6pcs Condoms Colorful Flower Alien Condom Safe Sleeve Adult Life Supplies Ultra Thin, 20 grams",condoms,women,6.0,3.0,,7.99,
B0040VPKAU,"Trojan Her Pleasure Sensations Spermicidal Lubricated Condoms, 12ct",condoms,men,2713.0,4.5,,2.18,
B00FINQUZI,"Bareskin Lubricated Condoms, 3 Count-(Pack of 1)",condoms,men,295.0,4.3,,,
B07ZZCWJFL,"Shibari Male Condoms, Premium Lubricated Natural Rubber Latex Condom for Contraception and STI Protection, Ultra-Thin, Strawberry Scented, 3 Count",condoms,men,2988.0,4.3,,3.95,
B09YKCMRT3,"Roman Condoms | Ultra-Thin, Lubricated Condoms Made with 100% Natural Rubber Latex, FDA-Cleared, Electronically Tested for Safety and Reliability, Non-Spermicidal | 3-Pack",condoms,men,91.0,4.3,,3.98,
B000KPT9BG,"Trojan Magnum Lubricated Condoms, 3 Count",condoms,men,21917.0,4.8,,4.99,
B0043GSGQ2,"One Condoms One Mixed Pleasures, 3 Count",condoms,men,19.0,3.9,,4.49,
B074V3N9ZQ,"Trojan Pleasure Pack Condom, 3 Count",condoms,men,94.0,4.2,,,
B000M7Y4R6,"TROJAN Enz Lubricated Latex Condoms, 0.04 lb",condoms,men,219.0,4.3,,4.75,
B00412HLY6,Trojan Enz Lubricated Size 3s Trojan Enz Lubricated Latex Condoms 3ct,condoms,men,40.0,4.2,,4.79,
B000BDC5U4,"TROJAN Her Pleasure Sensations Lubricated Condom, 3 Count",condoms,men,108.0,4.5,,4.81,
B0073QG314,Trojan Ribbed Ecstasy Condoms - Box of 3 (Packaging May Vary),condoms,men,37.0,4.1,,4.82,
B005LOQQZ8,Forum Novelties 04936 Enormex Novelty Condom,condoms,men,66.0,3.9,,9.99,
B004TTX9TW,"LifeStyles Ultra Sensitive Natural Feeling Lubricated Latex Condoms, 12 Count (Packaging May Vary)",condoms,men,16065.0,4.6,,4.97,
B001GPE6EO,LifeStyles Snugger Fit Condoms- 12pk,condoms,men,6053.0,4.4,,4.99,
B004X8J9D4,TROJAN Sensitivity Ultra Thin Lubricated Condoms (Pack of 1) 3 Count,condoms,men,89.0,4.2,,4.99,
B0052YFZD6,"TROJAN Stimulations Ultra Ribbed Lubricated Condom, 3ct",condoms,men,113.0,4.3,,,
B09WC47S56,"3-Pack Natural Latex Condoms with 100% Silicone Lubricant — Standard Size, High Sensitivity, Ultra-Thin Condoms — Vegan, Cruelty-Free, Gluten-Free",condoms,men,28.0,3.9,,,
B07J4QF4G1,Trojan Non-Lubricated Premium Latex Condoms 3 ct,condoms,men,28.0,4.3,,5.04,
B00WK21KZA,"Fantasy Flavored Condoms Pack 12 Condoms : variety of flavors such as VANILLA, STRAWBERRY, MINT, GRAPE, CHOCOLATE, and BANANA. [The Random Fun That You Will Not Know Until You Have Used.]",condoms,men,746.0,4.1,,5.1,
B002A6JC88,Trojan - Her Pleasure Condoms,condoms,men,34.0,4.3,,5.18,
B06X9Q3Z2N,Trojan Magnum Lubed Size 3 Ct Trojan Magnum Large Sized Lubricated Condoms 3ct,condoms,men,11.0,3.8,,5.18,
B000RES60A,"Contempo Rough Rider Studded Hot Passion Condom, 3 Count",condoms,men,38.0,4.1,,5.25,
B07GL3D5YD,Atlas Ultra Thin Condoms (Pack of 12),condoms,men,60.0,4.1,,5.29,
B00R3UKU6O,Trojan Studded Bareskin Lubricated Condoms - 10 Count,condoms,men,2637.0,4.5,,5.35,
B00C7EPKI4,Trojan Fire & Ice Condoms 3 Pack,condoms,men,2773.0,4.4,,5.39,
B001O5S25K,"TROJAN Magnum Thin Lubricated Condoms, 3 Count",condoms,men,4382.0,4.7,,5.35,
B07ZQ8JCN3,Trojan G. Spot Premium Lubricated Condoms - 10 Count,condoms,men,8103.0,4.3,,5.4,
B002UXFHZI,Kimono Textured Condom - 3 Condoms,condoms,men,13.0,4.5,,5.39,
B00AKHE70M,"LifeStyles Styles Sensitive Variety Pack Condoms, 3 Count",condoms,men,4.0,4.5,,5.49,
B00A5HHH9U,Trojan Ultra Thin Lubricated Condoms 3 Pack,condoms,men,7.0,4.3,,,
B000GGPK1M,Trojan Ribbed Size 3s Trojan Ultra-Ribbed Lubricated Latex Condoms 3ct,condoms,men,14.0,3.8,,5.89,
B07MRLMTN6,Hot Rider - 3 Pack - Lubricated Latex Condoms,condoms,men,13.0,2.8,,5.59,
B09KHMQ7TV,"Maxim Perfect Fit Premium Lubricated Condoms, Triple Tested for Enhanced Reliability & Protection, Natural Premium Quality Latex, Vegan-Friendly, (3 Pack)",condoms,men,13.0,4.3,,5.6,
B07B8Y1DWZ,"LifeStyles Ultra Sensitive Premium Lubricated Latex Condoms - 3 ct, Pack of 5",condoms,men,2.0,5.0,,5.64,
B002CY1YVG,Trojan Magnum Thin Lub Size 3ct Trojan Magnum Thin Lubricated Condom 3ct,condoms,men,7.0,4.0,,5.68,
B008MOK3OO,"Kimono MicroThin Plus Aqua Lube Condoms | Lubricated with Water Based Lube | Our Thinnest Condoms Ever | 5X Tested, Stronger, Reliable | Made with Odorless Premium Natural Latex | 3 Count",condoms,men,789.0,4.2,,5.69,
B003O1U688,"Kimono MicroThin Ribbed + Sensi-Dots | Textured Lubricated Condoms for Her | 5X Tested, Stronger, Reliable | Form-Fitting Shape | Made with Premium Natural Latex | 3 Count",condoms,men,215.0,4.1,,5.69,
B000AOO606,Lifestyle Lubricated Size 3s Lifestyles Ultra Lubricated Latex Condoms,condoms,men,,,,,
B008N3EWIM,"Durex Extra Sensitive Lubricated Ultra Thin Premium Condoms, Regular Fit, 12 Count",condoms,men,168.0,4.4,,5.78,
B0000532PB,"Condoms, Lubricated Latex, Durex Tropical Flavors Condom, 3 ct Mix of Tropical Orange, Banana and Strawberry Fruit Flavors",condoms,men,303.0,4.1,,5.82,
B008N94L3C,TROJAN Fire & Ice Condoms Lubricated Latex 3 Ct,condoms,men,28.0,4.2,,5.85,
B01IE361J8,"Skyn Elite 3 Pack Non-Latex Lubricated Condoms, 3 Count",condoms,men,39.0,4.2,,,
B007XRLU84,"Condoms, Ultra Fine, Ribbed, Dotted with Delay Lubricant, Durex Performax Intense Natural Rubber Latex Condoms, 3 Count, Contains Desensitizing Lube for Men, FSA & HSA Eligible",condoms,men,483.0,4.4,,5.86,
B07214TVV6,"Durex Pleasure Pack Condom, 3 Count",condoms,men,13.0,4.7,,5.88,
B00MHDLKCU,"TROJAN Magnum Ribbed Condoms, Unscented, 3 Count",condoms,men,269.0,4.6,,5.9,
B0009MX4IE,"Durex Extra Sensitive Condom, 3 Count",condoms,men,68.0,4.2,,,
B01G79FF16,My Size Wide Condoms 60mm (Pack of 3)-Vegan,condoms,men,31.0,4.0,,5.95,
B01G79LNWG,My Size Wide Condoms 64mm (Pack of 3)-Vegan,condoms,men,55.0,4.7,,5.95,
