ASIN,Product Name,Category,Keyword,Unit Count,Number of Reviews,Average Review Score,Manufacturer,Price
B0BQNRQ1T5,Billie Razors for Women Shave Kit – Razor + 4 x 5-Blade Razor Refills + Magnetic Holder – Minty,razors,women,1,4109,4.5,,$14.99
B07N6W7RPC,"Gillette Venus ComfortGlide Razors for Women, 1 Razor, 4 Razor Blade Refills, White Tea Scented Gel Bars (Pack of 1)",razors,women,5,16307,4.6,,$16.99
B09TRN26Y8,Flamingo 5-Blade Razors for Women - 1 Razor Handle + 4 5-Blade Refills + 1 Shower Holder - Papaya,razors,women,1,3282,4.4,,$14.99
B07MRV34KK,"Gillette Venus Platinum Extra Smooth Razors for Women, 1 Venus Razor, 4 Razor Blade Refills, Metal Handle with Anti-Slip Grip",razors,women,1,9734,4.7,,$24.99
B08FF44M1H,King C. Gillette Safety Razor with Chrome Plated Handle and 5 Platinum Coated Double Edge Safety Razor Blade Refills,razors,women,1,4075,4.3,,$26.41
B09PLPZ9KK,"Gillette Venus Smooth Razors for Women, Includes 1 Handle, 6 Razor Blade Refills",razors,women,1,1823,4.5,,$19.94
B097DK38DP,Electric Shaver for Women Best Electric Razor for Womens Bikini Legs Underarm Public Hairs Rechargeable Trimmer with Detachable Head Cordless Wet Dry Use,razors,women,N/A,8123,4.1,,$33.99
B0037LOPQY,"Gillette Venus Tropical Disposable Razors for Women, 3+1 Count, Designed for a Smooth Shave, Tropical Fragrance Scented Handles",razors,women,4,21863,4.6,,$6.94
B01NCNEHCM,Schick Quattro for Women Value Pack with 1 Razor and 4 Razor Blade Refills,razors,women,1,7758,4.7,,$9.17
B08HRX5925,"Gillette Venus For Pubic Hair And Skin Womens Shaving Kit, 1 Venus Handle, 2 Razor Blade Refills, 2 in 1 Cleanser And Shave Gel 190mL, Daily Soothing Serum For Intimate Grooming 50mL",razors,women,1,6387,4.6,,$41.39
B08JHVDNY1,"Gillette Venus Intimate Grooming Razors for Women, 1 Venus Razor Bikini Trimmer, 2 Razor Blade Refills, Pink, (Package May Vary)",razors,women,1,18253,4.3,,$9.00
B0BHL78NGC,"Gillette Venus Dermaplaning Tool, 2 Blade Refills, Exfoliating Face Razors for Women, Eyebrow Razor, Dermaplane Facial Razor for Women Face",razors,women,1,2195,4.4,,$14.97
B07FVPG88T,"INTUITION Schick Razors for Women Variety Pack with 1 Razor Handle &amp; 4 Intuition Razor Blades Refill | Shaving Kit Women, Girls Shaving Kit Beginners, Razor Gift Set for Women, Razor Starter Kit",razors,women,1,4144,4.6,,$21.99
B0BZT87PC2,"Dorco EVE6 Razors for Women for Extra Smooth Shaving (1 Razor Handle, 2 Pcs Razor Blade Refills), 6 Curved Blades with Flexible Moisture Bar, Womens Razors for Shaving with Aloe Vera Moisture Bar, Interchangeable Cartridge for Sensitive Skin, Mothers Day Gift",razors,women,1,333,4.2,,$9.99
B07SH9BCC9,"Harry&#x27;s Razors for Men - Men&#x27;s Razor Set with 5 Razor Blade Refills, Travel Blade Cover, 2 oz Shave Gel (Ember)",razors,men,1,13708,4.6,,$19.99
B07CZCQ481,"Amazon Basics 5-Blade MotionSphere Razor for Men with Dual Lubrication and Precision Trimmer, Handle &amp; 16 Cartridges, Cartridges fit, Razor Handles only, 17 Piece Set, Black",razors,men,16,62260,4.3,,$25.38
B07DZYGDS3,"Gillette Fusion5 Razors for Men, 1 Razor, 4 Blade Refills, Lubrastrip for a More Comfortable Shave",razors,men,1,34829,4.7,,$20.00
B09PPHDC5N,Harry&#x27;s Shaving Razors for Men includes a Razor and 3 Razor Blade Refills (Ember),razors,men,1,5270,4.5,,$11.99
B011L8WJIA,"Double Edge Safety Razor by VIKINGS BLADE, Fat &amp; Short Handle, Swedish Steel Blades Pack + Luxury Case. Twist to Open, Heavy Duty, Reduces Razor Burn, Smooth, Close, Clean Shave - Model: The Chieftain",razors,men,1,14927,4.5,,$24.97
B08TYZKNYC,"Bambaw Safety Razor for Men, Metal Razor with a Blade for Safety Razor, Razor Zero Waste – Black",razors,men,1,12797,4.4,,$20.49
B0B195LFHX,"Harry&#x27;s Men&#x27;s Disposable Razors, 3-Blade Razors with Lubricating Strip and Pivoting Head, 10 count",razors,men,10,864,4.1,,$9.67
B0C5FLHNLY,"The Excalibur Premium Double-Edge Safety Razor for Men, with 5 Platinum Coated Double Edge Safety Razor Blades and Razor Stand",razors,men,1,19,4.5,,$19.99
B07YT557MW,Schick Hydro Sensitive Razor for Men — Razor for Men Sensitive Skin with 17 Razor Blades,razors,men,1,18168,4.6,,$49.99
B08FF44M1H,King C. Gillette Safety Razor with Chrome Plated Handle and 5 Platinum Coated Double Edge Safety Razor Blade Refills,razors,men,1,4075,4.3,,$26.41
B07MWHF9J9,MÜHLE TRADITIONAL R89 Double Edge Safety Razor (Closed Comb) | Perfect for Everyday Use | Barbershop Quality Close Smooth Shave | Luxury Razor for Men,razors,men,1,499,4.4,,$46.00
B0B9HQSMFN,"Gillette Intimate Manscape Razor, Men’s Pubic Razor, Gentle and Easy to Use, Designed For Pubic Hair, 1 Razor Handle, 2 Razor Blade Refills, Manscaping Body Razor, Mens Razor",razors,men,1,911,4.6,,$19.97
B07DZYGDSF,"Gillette Fusion ProGlide Razors, Men 1 Gillette Razor, 4 Razor Blade Refills, Shields Against Skin Irritation",razors,men,1,18631,4.7,,$19.99
B079VJSFCK,Safety Razor Silver | Bamboo Double Edge Razor | Mens Razors for Shaving | Safety Razor For Women | Shaving Razor | Double Edge Safety Razor | Single Blade Razors for Men | Reusable Razor | Bambaw,razors,men,1,2557,4.5,,$16.99
B07D37PQGL,Olaplex No. 4 Bond Maintenance Shampoo,shampoo,women,8,70148,4.6,,$30.00
B003JKDNQQ,"Paul Mitchell Awapuhi Shampoo, Original Wash, Balances Moisture, For All Hair Types",shampoo,women,17,15846,4.7,,$17.50
B084C2PC69,"OUAI Detox Shampoo - Clarifying Shampoo for Build Up, Dirt, Oil, Product and Hard Water - Apple Cider Vinegar &amp; Keratin for Clean, Refreshed Hair - Sulfate-Free Hair Care (10 oz)",shampoo,women,10,4320,4.6,,$32.00
B07BHCB9Y2,"PURA D&#x27;OR Anti-Thinning Biotin Shampoo and Conditioner Natural Earthy Scent,Clinically Tested Proven Results DHT Blocker Thickening Products For Women &amp; Men,Original Gold Label Hair Care Set 16oz x2",shampoo,women,32,25565,4.3,,$39.99
B08SSM21R4,"Redken All Soft Shampoo | Deeply Moisturizes and Hydrates | Softens, Smooths, and Adds Shine | Safe for Color-Treated Hair | Nourishing Shampoo for Dry Hair | With Argan Oil",shampoo,women,10,18753,4.7,,$26.00
B01CTNRVFM,"Moroccan Argan Oil Shampoo and Conditioner Set - Sulfate Free, Anti Frizz Hydrating Care for Women - Deep Moisturizing Treatment for Color, Keratin Treated, Curly, Damaged and Dry Hair",shampoo,women,1,11915,4.4,,$19.99
B0891843GC,Pureology Hydrate Moisturizing Shampoo | Softens and Deeply Hydrates Dry Hair | For Medium to Thick Color Treated Hair | Sulfate-Free | Vegan,shampoo,women,9,14250,4.7,,$37.00
B00IW2AYN6,Biolage Volume Bloom Shampoo | Volumizing Shampoo | Lightweight Volume &amp; Shine | For Fine Hair | Paraben &amp; Silicone-Free | Vegan​ | Cruelty Free | Salon Shampoo,shampoo,women,34,11526,4.7,,$42.00
B00C5AHTVQ,"Nexxus Shampoo and Conditioner Therappe Humectress (Set of 2)for Dry Hair Silicone-Free, Moisturizing Caviar Complex and Elastin Protein 33.8 oz",shampoo,women,68,16647,4.7,,$37.31
B08SSCH7YR,"Volume Injection Shampoo | Lightweight Volume Shampoo For Fine Hair | Adds Volume, Lift, and Body to Flat Hair | Paraben Free",shampoo,women,10,5445,4.5,,$26.00
B002WTC3AW,Color Extend Shampoo | For Color-Treated Hair | Cleanses Hair Leaving It Manageable &amp; Shiny,shampoo,women,34,7251,4.7,,$35.00
B08918B4NQ,"Pureology Pure Volume Shampoo | For Flat, Fine, Color-Treated Hair | Adds Lightweight Volume and Body | Clarifies Buildup | Sulfate-Free | Vegan",shampoo,women,9,4486,4.3,,$37.00
B08SSPQGZW,Extreme Length Shampoo | Infused With Biotin | For Hair Growth | Prevents Breakage &amp; Strengthens Hair,shampoo,women,10,6711,4.6,,$26.00
B00OO0J9UY,"SheaMoisture Intensive Hydration Shampoo for Dry, Damaged Hair Manuka Honey and Mafura Oil Sulfate-Free 13 oz",shampoo,women,13,8325,4.5,,$9.79
B06XTG99F9,"Dr. Squatch Citrus &amp; Cypress Men&#x27;s Shampoo + Conditioner Hair Bundle - Keeps Hair Looking Full, Healthy, Hydrated",shampoo,men,1,8649,4.5,,$37.95
B00K34NH4O,"by Paul Mitchell Heavy Hitter Daily Deep Cleansing Shampoo for Men, For All Hair Types",shampoo,men,34,1700,4.6,,$34.00
B08SMH2DST,"American Crew Shampoo for Men, Daily Cleanser, Naturally Derived, Vegan Formula, Citrus Mint Fragrance, 33.8 Fl Oz",shampoo,men,34,2345,4.6,,$19.90
B00C5AHTVQ,"Nexxus Shampoo and Conditioner Therappe Humectress (Set of 2)for Dry Hair Silicone-Free, Moisturizing Caviar Complex and Elastin Protein 33.8 oz",shampoo,men,68,16647,4.7,,$37.31
B005OTVVWS,"MITCH by Paul Mitchell Double Hitter 2-in-1 Shampoo &amp; Conditioner for Men, For All Hair Types",shampoo,men,34,3360,4.7,,$48.50
B096SYN2DM,Hawthorne Men&#x27;s Thickening Shampoo and Conditioner Hair Set. Includes Thickening Shampoo and Weightless Conditioner. 8 Fl Oz Each.,shampoo,men,16,61,4.2,,$23.99
B0C5S4JNX2,"Huron Men’s Shampoo &amp; Conditioner Set - Clean &amp; Invigorating Scent - Hydrating, &amp; Nourishing Shampoo &amp; Conditioner for Men - Vegan Ingredients &amp; Cruelty Free",shampoo,men,24,137,4.5,,$32.00
B0BX41PG6P,Viking Revolution Biotin Mens Shampoo - Eucalyptus and Peppermint Shampoo with Jojoba Oil and Mint Oil - Hair Loss Shampoo for Men with Biotin - Mens Shampoo for Thinning Hair (17 Oz),shampoo,men,17,515,4.6,,$17.88
B08BTMXSG6,TRESemmé Shampoo Moisture Rich 3 Count for Dry Hair Professional Quality Salon-Healthy Look and Shine Moisture Rich Formulated with Vitamin E and Biotin 28 oz,shampoo,men,86,4284,4.7,,$17.97
B0C6FK2ZVG,Viking Revolution Spiced Vanilla Mens Shampoo and Conditioner Set with Biotin and Jojoba Oil - Natural Hair Shampoo and Hair Conditioner for Men with Vitamin B5 - Mens Shampoo for Thinning Hair (17Oz),shampoo,men,34,249,4.6,,$27.88
B00SWDHC5I,"Brickell Men&#x27;s Products Daily Strengthening Shampoo for Men, Natural and Organic Featuring Mint and Tea Tree Oil To Soothe Dry and Itchy Scalp, Sulfate Free and Paraben Free, 8 Ounce, Scented",shampoo,men,8,5743,4.4,,$20.00
B0CP6D683W,"DOVE MEN+CARE DV M SH Charcoal 4p 31z Pump Purifying Shampoo Charcoal + Clay for Stronger, More Resilient Hair, with Plant-Based Cleansers, 31 oz",shampoo,men,31,31,4.9,,$9.99
B0C9V8BVZ7,"Every Man Jack 2-in-1 Daily Shampoo + Conditioner - Pacific Cypress | Nourishing For All Hair Types, Naturally Derived, Cruelty-Free Shampoo and Conditioner Set for Men | 24oz -1 Bottle",shampoo,men,24,1955,4.5,,$17.99
B08LRC6RJB,"Old Spice Pure Sport 2in1 Shampoo and Conditioner for Men, Twin Pack, Lemon, 58.4 Fl Oz",shampoo,men,59,2581,4.7,,$21.31
B07GB3NVN1,"Native Deodorant | Natural Deodorant for Women and Men, 72 Hour Odor Control Aluminum Free with Baking Soda, Coconut Oil and Shea Butter | Coconut &amp; Vanilla",deodorant,women,3,83763,4.4,,$12.97
B00Q70QF9C,Degree Clinical Protection Antiperspirant Deodorant 72-Hour Sweat &amp; Odor Protection 5-in-1 Antiperspirant for Women 1.7 oz,deodorant,women,2,5841,4.6,,$7.14
B0CBCVPT69,Degree Advanced Antiperspirant Deodorant Vanilla &amp; Jasmine 72-Hour Sweat &amp; Odor Protection Antiperspirant For Women with MotionSense Technology 2.6 oz,deodorant,women,3,115,4.7,,$4.87
B07V25J4J3,"Dove Aluminum Free Deodorant for Women 24-Hour Odor Protection, Coconut and Pink Jasmine, White, 2.6 Ounce (Pack of 3)",deodorant,women,8,16185,4.4,,$18.54
B00TJ6WLN0,"Mitchum Women&#x27;s Deodorant, Antiperspirant Stick, Triple Odor Defense Gel, 48 Hr Protection, Shower Fresh, 3.4 Oz (Pack of 2)",deodorant,women,7,18561,4.6,,$6.26
B0C6R59D62,"Plant Therapy Grapefruit Cardamom Natural Deodorant for Men &amp; Women 2.65 oz Aluminum Free, Cruelty Free, Smooth Application, Effective Protection",deodorant,women,3,47,4.3,,$12.99
B0BB15DYTX,"Tom&#x27;s of Maine Complete Protection Aluminum-Free Natural Deodorant for Women, Rose &amp; Vanilla, 2.25 oz",deodorant,women,2,518,4,,$4.79
B0773WT6D7,Degree Advanced Antiperspirant Deodorant Stress Control 72-Hour Sweat &amp; Odor Protection Antiperspirant for Women with MotionSense Technology 2.6 oz,deodorant,women,3,16,4.5,,$4.98
B09KWH7DPN,"Ballsy Boob and Thigh Deodorant, Quick Drying Liquid Powder, Protects from Sweat, Odor, and Irritation 3.4 oz - Valentines Day Gifts for Him",deodorant,women,3,4606,4.4,,$12.00
B07ZGBV2CZ,"Native Deodorant | Natural Deodorant Seasonal Scents for Women and Men, Aluminum Free with Baking Soda, Probiotics, Coconut Oil and Shea Butter | Lilac &amp; White Tea",deodorant,women,3,8745,4.6,,$12.97
B00CHJUJTO,Degree Clinical Protection Antiperspirant Deodorant 72-Hour Sweat &amp; Odor Protection Shower Clean Antiperspirant for Women 1.7 oz,deodorant,women,2,12017,4.6,,$8.87
B0BX6M2RQF,"Secret Aluminum Free Deodorant for Women, Rose, 2.4 oz",deodorant,women,2,71,4.4,,$8.49
B00HF3XSO0,Secret Clinical Strength Antiperspirant and Deodorant for Women Invisible Solid Completely Clean 2.6 Oz,deodorant,women,3,24079,4.7,,$12.97
B07JNK5G5D,TIARA Natural Deodorant - Natural Deodorant for Women and Men - Aluminum Free Deodorant - Paraben Free Vegan Deodorant with Shea Butter and Vitamin E - 24 Hour Odor Control - Melon &amp; Cucumber,deodorant,women,3,110,4,,$15.99
B0BFHQZJY5,"Aluminum-Free Natural Deodorant for Men by Bravo Sierra, 2-Pack - Long Lasting All-Day Odor and Sweat Protection - Citrus and Cedarwood, 3.2 oz - Paraben-Free, Baking Soda Free, Vegan &amp; Cruelty-Free",deodorant,men,6,9178,4.1,,$27.00
B000J5A2K4,"Pit Boss Men’s Deodorant, Antiperspirant &amp; Deodorant, Sensitive Skin Formula, Maximum Odor &amp; Sweat Control, Long-Lasting Protection",deodorant,men,3,4603,4.5,,$22.00
B075JRT85B,Degree Men UltraClear Antiperspirant Deodorant Black+White 2 Count 72-Hour Sweat &amp; Odor Protection Antiperspirant For Men With MotionSense Technology 2.7 oz,deodorant,men,5,30954,4.7,,$7.98
B0CDQHK8VG,Men&#x27;s Natural Deodorant - Aluminum-Free Deodorant from Dr. Squatch - Natural Deodorizer - made w/charcoal - Deodorant for Men - Smell fresh with Rainforest Rapids and Wood Barrel Bourbon (2 Pk),deodorant,men,5,157,4.5,,$34.95
B09YK5F5NC,"Dr. Squatch Natural Deodorant for Men 3 Pack Fresh Falls – Odor-Squatching Men&#x27;s Deodorant Aluminum Free (2.65 oz, 3 Pack)",deodorant,men,8,1603,4.4,,$39.16
B08TWFRWC8,"Dr. Squatch Natural Deodorant for Men – Odor-Squatching Men&#x27;s Deodorant Aluminum Free - Alpine Sage + Fresh Falls (2.65 oz, 2 Pack)",deodorant,men,1,7407,4.3,,$34.95
B000PGZZGI,"Anthony Alcohol Free, Aluminum Free Deodorant for Men – Non-Irritant Cool Gel Stick for Sensitive Skin – Sport Strength Stick Prevents Odor All Day – Clear, Stain Free – 2.5 Fl Oz",deodorant,men,1,380,4.1,,$22.00
B08HGLF81L,"Malin + Goetz Bergamot Deodorant, 2.6 oz.",deodorant,men,3,247,4,,$24.00
B001NWBNX2,Geir Ness Men Deodorant - Alcohol and Aluminum Free Deodorant - Odor Protection for Sensitive Skin - Light and Long Lasting Cool and Clean Scent,deodorant,men,3,93,4.2,,$26.00
B07YCPR6BF,"No. 024 Mens Deodorant 2.5 oz (3 Pack) Natural Deodorant for Men, Aluminum Free Stick, Made with Coconut Oil, Shea Butter &amp; Jojoba, Only No-Nonsense Ingredients, Fresh &amp; Woodsy Scent",deodorant,men,3,692,3.9,,$36.00
B076ZQVR6K,"Mitchum Men&#x27;s Deodorant, Antiperspirant Stick, Triple Odor Defense Invisible Solid, 48 Hr Protection, Dermatologist Tested, Intense Energy, 2.7 Oz (Pack of 1)",deodorant,men,3,14720,4.7,,$5.89
B0C9V81Z8S,"Every Man Jack Pacific Cypress Men’s Deodorant - Stay Fresh with Aluminum Free Deodorant For all Skin Types - Odor Crushing, Long Lasting, with Naturally Derived Ingredients - 3oz",deodorant,men,6,2291,4.1,,$14.99
B0BTYWQ2VW,"Viking Revolution Tea Tree Deodorant for Men - Natural Deodorant for Men Charcoal Deodorant Men with Shea Butter, Coconut Oil, Baking Soda, Beeswax - Mens Deodorant Aluminum Free (3oz)",deodorant,men,3,652,4,,$9.88
B09KT2T1Y6,"MANSCAPED® UltraPremium Deodorant, Aluminum-Free Clear Formula, Soft and Comfortable with Cologne-Quality Fragrance for Under Arm Odor Protection, 2.65 oz Stick (1 Pack)",deodorant,men,3,1197,4.3,,$12.99
B018233T04,"Therapeutic Repair Lotion with Macadamia Nut Oil and Promega-7, 16 Fl Oz Bottle- Fragrance Free, Paraben Free, Non GMO, White",lotion,women,16,17125,4.4,,$17.99
B017LJYCLK,"La Chatelaine Hand Cream Gift Set for Women, Travel Size Hand Lotion, Natural Hand Cream Made in France with 20% Organic Shea Butter (Citrus Fizz, White Grapefruit, &amp; Lavender) 3 x 1 fl. oz",lotion,women,3,3239,4.7,,$29.00
B01MCTTDJS,"OGX Extra Creamy + Coconut Miracle Oil Ultra Moisture Body Lotion with Vanilla Bean, Fast-Absorbing Lotion for All Skin Types, Paraben-Free and Sulfated-Surfactants Free, 19.5 fl oz",lotion,women,20,22074,4.6,,$11.99
B08N3GQGGZ,"Eucalyptus Body Lotion 16 oz | Herbal Stress-Relief Moisturizer for Women | Calming Arnica, Coconut Oil &amp; Mint | Aromatherapy Dry Skin Care",lotion,women,16,1540,4.3,,$14.99
B00DG8EZKO,"NIVEA Intense Healing Body Lotion, 72 Hour Moisture for Dry to Very Dry Skin, 16.9 Fl Oz Pump Bottle",lotion,women,17,23363,4.7,,$6.41
B0BGQBKGCH,"The Lotion Company 24 Hour Skin Therapy Lotion, Full Body Moisturizer, Paraben Free, Made in USA, Caramel Candy Fragrance, w/Aloe Vera, 16 Ounces",lotion,women,16,7456,4.4,,$11.77
B084TPBTXY,"Panier des Sens Provence Shea butter Body lotion for dry skin, body cream - Made in France 97% natural - 8.45 Floz/250ml",lotion,women,8,693,4.2,,$19.80
B01BRU1PVE,"NATURE WELL Clinical Retinol Advanced Moisture Cream for Face, Body, &amp; Hands, Anti Aging, Targets Discoloration, Wrinkles, Sun Damage, Crepey, &amp; Sagging Skin, 16 Oz",lotion,women,16,11741,4.5,,$18.99
B0C7WTPT64,"eos Shea Better Body Lotion- Fragrance Free, 24-Hour Hydration Skin Care, 16 fl oz",lotion,women,16,5860,4.7,,$8.98
B07TV4TS3S,"spa luxetique Travel Size Hand Cream Gift Set - Scented Hand Lotion for Dry Skin, Ideal Birthday Gift for Women, 6 x 1.0 oz",lotion,women,6,4489,4.5,,$9.94
B00W4TWD7I,"Jergens Skin Firming Body Lotion for Dry to Extra Dry Skin, Skin Tightening Cream with Collagen and Elastin, Hydralucence Blend Formula, 16.8 oz",lotion,women,17,9918,4.6,,$7.32
B0B5VZ1S3W,"Jergens Pure Hydration Body Lotion, Plant Based Moisturizer Hydrates Dry to Extra Dry Skin, Paraben and Cruelty Free, Fragrance Free Formula, 24hr Hydration, 13 oz Pump Bottle",lotion,women,13,206,4.6,,$8.81
B01M5BJEII,"OGX Radiant Glow + Argan Oil of Morocco Extra Hydrating Body Lotion for Dry Skin, Nourishing Creamy Body &amp; Hand Cream for Silky Soft Skin, Paraben-Free, Sulfated-Surfactants Free, 19.5 fl oz",lotion,women,20,7285,4.6,,$13.29
B0BHBVLJQR,"Scented Body Lotion For Women, Deep Moisturizing Hand Cream, Firming Body Butter For Dry Skin, Womens Luxury Stocking Stuffers And Fragrance Gifts That Smell Good, 10oz (Mango Pear)",lotion,women,10,108,3.7,,$13.99
B0859LBY9C,"Bevel All Day Body Lotion for Men with Shea Butter and Argan Oil, Lightweight Formula Softens and Smoothes Skin, 16 Oz",lotion,men,16,1240,4.6,,$10.99
B0CKH5GJFN,Every Man Jack Mens Amber + Sandalwood Hand &amp; Body Lotion for All Skin Types - Dermatologist Tested &amp; Hypoallergenic - Nourish Skin with Lightweight Fast Absorbing Lotion - 13.5oz 2 Bottles,lotion,men,27,21,4.6,,$19.99
B0CL58B43J,"EnaSkin Retinol Cream for Face, Moisturizer for Anti Aging &amp; Wrinkled Skin, Day and Night for Women &amp; Men, Retinol Collagen Facial Care Face and Neck 1.7 Fl Oz",lotion,men,2,718,4.8,,$19.99
B000BJUS6Q,Cool Moisture Body Lotion,lotion,men,16,2682,4.7,,$32.00
B0B2SL82J4,"Mens Face Moisturizer Cream - Anti Aging &amp; Wrinkle for Men with Collagen, Retinol, Vitamins E, Jojoba Oil - Face Lotion - Age Facial Skin Care - Eye Wrinkle - Day &amp; Night - Made in USA, 4 oz",lotion,men,4,1562,4.4,,$18.95
B08D4PXMVK,"Jack Black - Black Reserve Hydrating Body Lotion With Cardamom &amp; Cedarwood, 12 oz.",lotion,men,12,703,4.6,,$34.00
B09BGV2CJ6,"Lulu Candles, Sexy Man, Moisturizing Body Lotion, Soothing Shea Butter &amp; Aloe, Nourishes Dry Skin With Moisture, No Paraben, Dye Free, Non-Greasy - 16 Fl. Oz.",lotion,men,16,9,5,,$39.95
B0CFYWDMYC,"Old Spice Gentleman&#x27;s Blend Super Hydration Hand &amp; Body Lotion, Eucalyptus &amp; Coconut Cream, 17.0 FL OZ (Pack of 2)",lotion,men,34,593,4.6,,$19.94
B00AHH00MO,"Gold Bond Men&#x27;s Essentials Everyday Moisture Daily Body &amp; Hand Lotion, 14.5 oz., With Vitamin C",lotion,men,14,10905,4.7,,$9.99
B07L6VPNCH,"Men’s Daily Face Moisturizer, 5.07 fl. oz. - Hydrating &amp; Nourishing Facial Lotion for Men with Collagen, Witch Hazel &amp; Cica Extracts, Lightweight, Alcohol-Free",lotion,men,5,290,4.5,,$18.99
B078JC58JC,"Brickell Men&#x27;s Deep Moisture Body Lotion for Men, Natural and Organic Protects and Hydrates Dry Skin, 8 Ounce, Unscented",lotion,men,8,1857,4.5,,$25.00
B0C38X4CDG,"No. 128 Men&#x27;s Facial Lotion with Sunscreen SPF 50, 3.4 oz, Oil-Free, Lightweight Daily Face Moisturizer for Men, Includes Natural Extracts to Hydrate, Nourish &amp; Soothe, All Skin Types",lotion,men,3,7063,4.4,,$16.99
B0CN9TRZGT,"Mens Face Moisturizer Cream - Anti Aging &amp; Wrinkle for Men - Face Moisturizer For Men - Mens Face Lotion with Collagen, Retinol, Peptides, Jojoba Oil - Facial Men&#x27;s Skin Care - Day &amp; Night - 4.2 OZ",lotion,men,4,26,4.8,,$16.95
B09M7CV35V,"Men&#x27;s Face Moisturizer Cream - Anti Aging &amp; Wrinkle - Collagen, Hyaluronic Acid, Vitamins E &amp; A, Avocado Oil - 2 oz",lotion,men,2,3078,4.3,,$21.89
B07M68CHV9,"Australian Botanical Soap, Goat&#x27;s Milk &amp; Soya Bean Oil Pure Plant Oil Soap, 6.8 oz. 193g Bars - 8 Count - Packaging May Vary",soap,women,56,5918,4.7,,$25.99
B0BQKSPXLR,"Australian Botanical Soap, Sea Salt with Ocean Minerals and Valencia Orange Soaps | All Skin Types | Shea Butter Enriches | 6.8 oz. (193g) | 4 Bars of Each - 8 Pack",soap,women,54,63,4.8,,$24.99
B07CL4G9CF,"Crate 61, Vegan Natural Bar Soap, Dry Skin, Handmade Soap With Premium Essential Oils, Pack of 6 (Most Popular)",soap,women,24,36203,4.5,,$22.95
B074P2DH7K,"O Naturals 100% Natural Bar Soap - Assorted 6 PCS Soap Gift Set - Organic Ingredients &amp; Essential Oils - Spa Gifts for Women &amp; Men, Body Wash Soap Bar &amp; Face Soap for Acne - Triple Milled Soap Bars",soap,women,24,23082,4.4,,$19.99
B0779BY2S1,"Yardley London Soap Bath Bar Bundle - 10 Bars: English Lavender, Oatmeal and Almond, Aloe and Avocado, Cocoa Butter, Lemon Verbena 4 Ounce Bars (Pack of 10, Two of each)",soap,women,43,7468,4.6,,$21.88
B09W6WD625,MARLOWE. No. 102 Men&#x27;s Body Scrub Soap 7oz (Variety Trio) | Best Exfoliating Bar for Men | Made w/Natural Ingredients | Green Tea Extract | Features 3 Amazing Scents,soap,women,21,519,4.7,,$26.99
B086D7ZR9L,"Exfoliating Bar Soap Combo Set By Olivia Care - Rose Himalayan Salt + Lavender Latte- All Natural &amp; Organic - Moisturize, Detoxify, Hydrate - Makes Skin Soft &amp; Silky - 2 X 8 OZ",soap,women,16,91,4.3,,$10.99
B00XBGOPEW,"Bali Soap - Green Collection - Natural Soap Bar Gift Set, Face Soap or Body Soap, 6 pc Variety Soap Pack (Coconut, Papaya, Vanilla, Lemongrass, Jasmine, Ylang-Ylang) 3.5 Oz each",soap,women,21,12789,4.3,,$19.95
B0BVGM488J,"Kitsch Shea Butter Solid Body Wash Bar Soap for Women | Made in US | Hydrating &amp; Moisturizing Shea Butter Soap Bars | All Natural Body Soap | Zero Waste Bath Soap Bars | Paraben Free, 4 oz",soap,women,4,439,4.4,,$11.99
B09ZQ23JZF,"Land, Air &amp; Sea 5 Bar Variety Pack - Quality Men&#x27;s Bar Soap, Masculine Scents, No Harmful Chemicals - Aloe &amp; Jojoba Oil - Natural and Organic Ingredients, Handcrafted in the USA",soap,women,30,381,4.4,,$38.99
B001IDEKNQ,"Pre de Provence Artisanal Soap Bar, Natural French Skincare, Enriched with Organic Shea Butter, Quad Milled for Rich, Smooth &amp; Moisturizing Lather, Lemongrass, 5.3 Ounce",soap,women,5,19185,4.5,,$7.99
B0C1NPJ921,Mens Natural Soap - Longer Lasting Handmade All Natural Mens Soap - Irish Mountain Rain Soap for Men,soap,women,5,488,4.4,,$9.99
B07VWKNB4R,"Pre de Provence Luxury Box of Guest Gift Soap (Set of 9) - Assorted,9 Count (Pack of 1)",soap,women,8,46,4.4,,$22.99
B09Y1HTHBH,"Love Affair Vegan Body Bar soap for Men &amp; Women, for dry, sensitive skin and face Moisturizing, Shea Butter, Coconut Oil, Cruelty-free, Handmade, Plant-based, 4.3 oz",soap,women,4,41,4.5,,$8.99
B091H17R79,"Bali Soap - Masculine Collection Natural Soap Bar Gift Set, 6 pc Variety Pack, Lemon-Pine, Ginger-Coffee, Sandalwood-Mint, Agarwood-Spice, Clove-Cinnamon, Eucalyptus-Lime 3.5 Oz each",soap,men,21,3567,4.3,,$19.95
B079FFWL78,"San Francisco Soap Company Hydrating Man Bar, Siberian Fir, 10 Ounce",soap,men,1,521,4.6,,$9.99
B07NF95CY9,"360 Feel Men&#x27;s Soap bar Handmade -Masculine fragrance-, Patchouli, Pine Tar with Charcoal Beeswax,Citrus - Gift pack- Natural Men Soap- Gift for him Bay Rum, 4 Count (Pack of 1)",soap,men,20,16324,4.3,,$15.14
B09ZQ23JZF,"Land, Air &amp; Sea 5 Bar Variety Pack - Quality Men&#x27;s Bar Soap, Masculine Scents, No Harmful Chemicals - Aloe &amp; Jojoba Oil - Natural and Organic Ingredients, Handcrafted in the USA",soap,men,30,381,4.4,,$38.99
B0BYKYGCTN,O Naturals Exfoliating Soap Bar Cedarwood - Natural Exfoliating Bar Soap - Heavy Grit Mens Soap - Apricot Kernels Bar Soap - Bar Soap for Men - Mens Soap Bar - Soap for Men Face Soap Bar Mens Bar Soap,soap,men,8,196,4.4,,$7.99
B07GWSMYYL,"O Naturals 6 PCS Black Soap - Women &amp; Men&#x27;s Bar Soap, Father&#x27;s Day Gifts, Men&#x27;s Soap Bar, African Black Soap w/Moisturizing Shea Butter, Charcoal Soap, Organic &amp; Natural Soap for Men &amp; Women, 4oz",soap,men,24,23082,4.4,,$19.99
B0B9SST942,"O Naturals Bar Soap for Men - 3-Pcs Mens Soap Bar - Natural Soap - Mens Bar Soap - Men Soap - Natural Soap for Men - Organic Men&#x27;s Soap Bars - Exfoliating Soap Bar - Citrus, Olive &amp; Cedarwood",soap,men,23,565,4.4,,$20.19
B0C43ZLQFN,"Every Man Jack Amber + Sandalwood Mens Soap Bar for Body and Hair with Shea Butter, Aloe Vera, and Glycerin to Clean, Hydrate, and Soothe Skin - Naturally Derived, Zero Harmful Chemicals - 3 Pack",soap,men,15,113,4.5,,$19.99
B07DYT7NQK,"Caswell-Massey Triple Milled Sandalwood Explorer Three-Soap Set, Woodgrain, Sandalwood &amp; Tricorn Soap Bars, Natural Bar Soap for Men, Moisturizing Men’s Body &amp; Face Soap, 164g Bars (3 Soap Set)",soap,men,17,4676,4.6,,$36.00
B075WDDKFL,"One With Nature 7Oz 3Pack Charcoal Soap Bar in Gift Box for Face, Body, Acne, All Skin Types - Dead Sea Salt, Activated Charcoal Soap Bar Contains Shea Butter, Argan Oil Soap and 21 Essential Minerals",soap,men,21,11493,4.5,,$17.99
B0CJFHYB3P,Mens Bar Soap 4Pcs Natural Soap Bar Set Cleansing Bar Moisturizing&amp;Exfoliating Scrub Soap Gift Set Travelling for Men FACE BODY HAND BEARD WASH 4 In 1 All Skin Type |5.3 oz of 4 Bars,soap,men,24,73,4.5,,$17.99
B0B5HP3XXM,"DOVE MEN + CARE Natural Essential Oil Bar Soap Exfoliating Charcoal + Clove Oil 4 Count To Clean And Hydrate Mens Skin 4-in-1 Bar Soap For Men&#x27;s Body, Hair, Face And Shave 5oz",soap,men,20,1596,4.4,,$23.74
B07PW1HX7C,San Francisco Soap Co Man Bar 3-Piece Gift Set - No Harmful Chemicals - Good for All Skin Types - Made in the USA,soap,men,30,1426,4.7,,$28.77
B079FDZBPK,"San Francisco Soap Company Revitalizing Man Bar, Exotic Musk &amp; Sandalwood, 10 Ounce",soap,men,1,871,4.6,,$9.99
B08SSCQH77,"Redken All Soft Conditioner | Deeply Conditions and Hydrates | Softens, Smooths, and Adds Shine | Safe for Color-Treated Hair | Nourishing Shampoo for Dry Hair | With Argan Oil",conditioner,women,10,17952,4.7,,$26.00
B0891BBRHW,Pureology Hydrate Moisturizing Conditioner | Softens and Deeply Hydrates Dry Hair | For Medium to Thick Color Treated Hair | Sulfate-Free | Vegan,conditioner,women,9,14498,4.7,,$37.00
B00C5AHTVQ,"Nexxus Shampoo and Conditioner Therappe Humectress (Set of 2)for Dry Hair Silicone-Free, Moisturizing Caviar Complex and Elastin Protein 33.8 oz",conditioner,women,68,16647,4.7,,$37.31
B000GFZWE8,Nexxus Humectress Moisturizing Conditioner Ultimate Moisture for Dry Hair Moisturizing ProteinFusion with Elastin Protein and Green Caviar 33.8 oz,conditioner,women,34,8411,4.7,,$12.46
B079RCD6J5,Nexxus Keraphix ProteinFusion Conditioner with Keratin Protein and Black Rice for Damaged Hair 33.8 oz,conditioner,women,34,5567,4.6,,$25.99
B08918YTN3,"Pureology Strength Cure Conditioner | For Damaged, Color-Treated Hair | Softens &amp; Strengthens Hair | Sulfate Free | Vegan",conditioner,women,9,4920,4.7,,$37.00
B09BZ4WPMN,"Biotin Hair Growth Shampoo Conditioner - An Anti Hair Loss Set Thickening formula, Collagen &amp; Stem Cell For Hair Regrowth, Anti Thinning Sulfate Free For Men &amp; Women Anti Dandruff Treatment 16 oz x2",conditioner,women,32,8563,4.2,,$25.98
B07D37SBHF,No. 5 Bond Maintenance Conditioner,conditioner,women,8,68231,4.6,,$30.00
B00L01DEII,Biolage Ultra Hydra Source Conditioning Balm | Deep Hydrating Conditioner | Renews Hair’s Moisture | For Very Dry Hair | Silicone-Free | Vegan | Salon Conditioner,conditioner,women,34,20986,4.7,,$42.00
B01AP9F7WQ,"PURA D&#x27;OR Biotin Conditioner Thickens, Moisturizes Dry, Frizzy, Damaged Hair with Argan Oil, Vitamin E - 16oz",conditioner,women,16,3146,4.5,,$19.99
B08SSRQJXC,"Extreme Length Conditioner | Infused With Biotin and Castor Oil | For Hair Growth | Fortifies, Strengthens &amp; Conditions Hair",conditioner,women,10,6212,4.6,,$26.00
B088LJHK2F,"Nexxus Clean and Pure Conditioner, With ProteinFusion, Nourished Hair Care Silicone, Dye And Paraben Free 33.8 oz",conditioner,women,34,919,4.6,,$18.99
B00IW2AU3A,Biolage Volume Bloom Conditioner | Volumizing Conditioner | Weightless Moisture For Long-Lasting Voluminous Hair | For Fine Hair | Paraben &amp; Silicone-Free | Vegan | Cruelty Free,conditioner,women,34,8711,4.7,,$42.00
B078X2J78B,Nexxus Keraphix Conditioner Keraphix with ProteinFusion for Damaged Hair With Keratin Protein and Black Rice 13.5 oz,conditioner,women,14,3157,4.5,,$15.85
B0BSRFY6DH,"Hims Max Volume Conditioner 2 Pack - Volumizing Conditioner for Men - Citrus Spice - Men&#x27;s Natural Conditioner - Moisturizes, Adds Shine &amp; Bounce - 2 x 6.4 fl oz Bottles",conditioner,men,1,39,4.4,,$28.99
B0BX41QR3H,Viking Revolution Biotin Mens Conditioner - Eucalyptus and Peppermint Conditioner with Jojoba Oil and Mint Oil - Peppermint Oil Hair Conditioner for Men - Conditioner for Dry Hair (17 Oz),conditioner,men,17,515,4.6,,$17.88
B07D37SBHF,No. 5 Bond Maintenance Conditioner,conditioner,men,8,68231,4.6,,$30.00
B0859L885L,"Bevel Hair Conditioner for Men with Coconut Oil and Shea Butter, Sulfate Free Conditioner for Textured Hair, Moisturizes, Conditions and Detangles Hair, 12 Oz (Packaging May Vary)",conditioner,men,12,344,4.6,,$9.95
B0792GJT9G,Redken Brews Daily Conditioner For Men | Soft and Shiny Hair | Detangling Men&#x27;s Conditioner | Strengthen and Moisturize Dry Hair | For All Men&#x27;s Hair Types,conditioner,men,34,1723,4.7,,$34.00
B0BFJSDW7B,"BLACKWOOD FOR MEN Active Man Daily Conditioner - Men&#x27;s Vegan &amp; Natural Thickening Conditioner for Hair Loss &amp; Dandruff - Deep Treatment for Shine - Sulfate Free, Paraben Free, &amp; Cruelty Free (17 Oz)",conditioner,men,17,758,4.4,,$19.99
B01E9I43RO,"Original 3-in-1 Body Wash, Shampoo, &amp; Conditioner for Men, All Hair &amp; Skin Types, Strengthens and Moisturizes in a Manly Aroma",conditioner,men,18,8357,4.6,,$23.20
B08TV174ZP,"American Crew Men&#x27;s Conditioner, Daily Moisturizing Conditioner, Naturally Derived, Vegan Formula, Citrus Mint, 8.45 Fl Oz",conditioner,men,8,1387,4.6,,$9.95
B09H3RR1TP,"hims thick fix conditioner with niacinamide, locks in moisture and boosts appearance of thicker fuller hair, 2 pack, 6.4oz",conditioner,men,13,386,4.5,,$24.98
B0C89G2MY7,"Karl&amp;Hans Botanic Gourmand Coconut Conditioner Hair Treatment - Organic, Silicone-Free, Moisturizing with Ceramide, Coconut Oil &amp; Natural Extracts for All, Dry, Damaged, Frizzy Hair, 6.76 fl oz",conditioner,men,7,29,4.2,,$14.39
B002WTC38Y,"Redken All Soft Conditioner | Deeply Conditions and Hydrates | Softens, Smooths, and Adds Shine | Safe for Color-Treated Hair | Nourishing Shampoo for Dry Hair | With Argan Oil",conditioner,men,34,17952,4.7,,$52.00
B002N5MIBE,"Paul Mitchell The Conditioner Original Leave-In, Balances Moisture, For All Hair Types",conditioner,men,34,13178,4.6,,$34.00
B0103FX7PG,"Brickell Men&#x27;s Revitalizing Hair Conditioner for Men, Natural and Organic Nourishing Hair Conditioner, Restores Shine and Moisture, 8 Ounce, Scented, New Formula",conditioner,men,8,1508,4.4,,$20.00
B079RCD6J5,Nexxus Keraphix ProteinFusion Conditioner with Keratin Protein and Black Rice for Damaged Hair 33.8 oz,conditioner,men,34,5567,4.6,,$25.99
B0040VPKC8,Trojan Her Pleasure Sensations Lubricated Condoms - 12 Count (Packaging May Vary),condoms,women,12,7552,4.5,,$9.78
B0B7QM366C,"SKYN Selection Non-Latex Condoms - 24 Count - New Variety - SKYN Original, Excitation, Elite &amp; Elite Extra Lube",condoms,women,24,1221,4.7,,$18.60
B099TM2ZLY,PS Condoms Exceptionally Thin Latex Condoms for Men - Odorless and 100% Vegan - Ultra Thin Lubricated Condom - 40% Thinner and Transparent - 12 Pack,condoms,women,12,1098,4.3,,$18.99
B0073RLP3Y,"TROJAN NaturaLamb Luxury Latex-Free Condoms, 10 Count",condoms,women,10,4058,4.4,,$29.94
B0040VPKAU,"Trojan Her Pleasure Sensations Spermicidal Lubricated Condoms, 12ct",condoms,women,12,2713,4.5,,$2.18
B08Y5ZQS5Y,SKYN Excitation – 12 Count – Lubricated Latex-Free Condoms,condoms,women,12,1932,4.5,,$7.24
B00HRU9YDU,Trojan Double Ecstasy Lubricated Condoms - 10 Count,condoms,women,10,1442,4.4,,$12.69
B008UYN4QA,Trojan Bareskin Thin Premium Lubricated Condoms - 24 Count,condoms,women,24,15144,4.6,,$15.97
B079JMHGN8,SKYN Extra Studded Condoms Non-Latex Ultra Thin Natural Feel with SKYNFEEL Technology 22 Count Box,condoms,women,N/A,1875,4.6,,$15.93
B004N731ZM,"SKYN Non-Latex Lubricated Condoms, 12 Count",condoms,women,12,7097,4.5,,$6.99
B07ZQ8JCN3,Trojan G. Spot Premium Lubricated Condoms - 10 Count,condoms,women,10,8103,4.3,,$5.40
B009SMY7WI,"Trojan Condom Sensitivity Ultra Thin Spermicidal, 12 Count",condoms,women,12,26307,4.6,,$7.98
B0973B6S8K,"LOLA Ultra Thin Latex Condoms - Ultra Thin Condoms with Silicone Based Lube, Sexual Wellness Condoms with Intimate Lubricant, 24 Count",condoms,women,24,610,4.4,,$15.99
B0946VTR1Y,"TROJAN BareSkin Raw Thin Condoms, Lubricated Condoms For Men, America’s Number One Condom Brand, 24 Count Pack",condoms,women,24,3628,4.5,,$17.42
B0735Q681B,"SKYN Elite – 36 Count – Ultra-Thin, Lubricated Latex-Free Condoms",condoms,men,36,43957,4.6,,$15.38
B0073RBUZ2,"TROJAN Ultra Thin Condoms For Ultra Sensitivity, Lubricated Condoms for Men, America’s Number One Condom, 36 Count Value Pack",condoms,men,36,26307,4.6,,$15.79
B0B7QM366C,"SKYN Selection Non-Latex Condoms - 24 Count - New Variety - SKYN Original, Excitation, Elite &amp; Elite Extra Lube",condoms,men,24,1221,4.7,,$18.60
B0946VTR1Y,"TROJAN BareSkin Raw Thin Condoms, Lubricated Condoms For Men, America’s Number One Condom Brand, 24 Count Pack",condoms,men,24,3628,4.5,,$17.42
B0040VPKC8,Trojan Her Pleasure Sensations Lubricated Condoms - 12 Count (Packaging May Vary),condoms,men,12,7552,4.5,,$9.78
B099TM2ZLY,PS Condoms Exceptionally Thin Latex Condoms for Men - Odorless and 100% Vegan - Ultra Thin Lubricated Condom - 40% Thinner and Transparent - 12 Pack,condoms,men,12,1098,4.3,,$18.99
B0073RLP3Y,"TROJAN NaturaLamb Luxury Latex-Free Condoms, 10 Count",condoms,men,10,4058,4.4,,$29.94
B0BVT8VNZS,Trojan Condom Magnum RAW Large Size Condoms - 10 Count,condoms,men,10,44,4.1,,$9.47
B0040XYBDK,Trojan Magnum Large Size Lubricated Condoms - 12 count,condoms,men,12,21917,4.8,,$7.98
B004WDRCTI,"TROJAN EXTENDED PLEASURE Climax Control Extended Pleasure Condoms, 12 Count",condoms,men,12,10062,4.4,,$7.98
B004TTX9TW,"LifeStyles Ultra Sensitive Natural Feeling Lubricated Latex Condoms, 12 Count (Packaging May Vary)",condoms,men,12,16065,4.6,,$4.97
B00HRU9YDU,Trojan Double Ecstasy Lubricated Condoms - 10 Count,condoms,men,10,1442,4.4,,$12.69
B08Y5ZQS5Y,SKYN Excitation – 12 Count – Lubricated Latex-Free Condoms,condoms,men,12,1932,4.5,,$7.24
B005QH410M,"TROJAN Stimulations Ultra Ribbed Spermicidal Condoms, 12 Count",condoms,men,12,2221,4.5,,$7.98
